-- ============================================
-- Railway Database Export
-- Generated: 2026-07-16T19:38:13.203Z
-- ============================================

SET FOREIGN_KEY_CHECKS = 0;

-- --------------------------------------------
-- Table: Announcement (5 rows)
-- --------------------------------------------
TRUNCATE TABLE `Announcement`;
INSERT INTO `Announcement` (`announcement_id`, `title`, `content`, `recipient_type`, `date_posted`, `staff_id`, `status_id`) VALUES (1, 'Main Gymnasium Maintenance Schedule', 'The Main Gymnasium will undergo routine maintenance and cleaning on April 5 2026. No bookings will be accommodated on this date.', 'All', '2026-03-01 00:00:00.000', 1, 1);
INSERT INTO `Announcement` (`announcement_id`, `title`, `content`, `recipient_type`, `date_posted`, `staff_id`, `status_id`) VALUES (2, 'Air Conditioning Unit Inspection Notice', 'All air conditioning units in the South Cotabato Gymnasium and Cultural Center will be inspected and serviced on April 8 2026.', 'All', '2026-03-02 01:00:00.000', 1, 1);
INSERT INTO `Announcement` (`announcement_id`, `title`, `content`, `recipient_type`, `date_posted`, `staff_id`, `status_id`) VALUES (3, 'LED Wall Maintenance Advisory', 'The LED Wall composed of 117 panels will be undergoing calibration and maintenance on April 12 2026. Reservations requiring the LED Wall on this date will not be accommodated.', 'Clients', '2026-03-03 02:00:00.000', 1, 1);
INSERT INTO `Announcement` (`announcement_id`, `title`, `content`, `recipient_type`, `date_posted`, `staff_id`, `status_id`) VALUES (4, 'Restroom Renovation Notice', 'Restroom facilities will be temporarily closed for renovation from April 15 to April 17 2026. Alternative arrangements will be provided for confirmed bookings.', 'All', '2026-03-04 00:30:00.000', 1, 1);
INSERT INTO `Announcement` (`announcement_id`, `title`, `content`, `recipient_type`, `date_posted`, `staff_id`, `status_id`) VALUES (5, 'Lights and Sound System Check', 'The lights and sound system including the 12 PAR64 lights and microphone equipment will be tested and serviced on April 20 2026.', 'Staff', '2026-03-04 23:00:00.000', 1, 3);

-- --------------------------------------------
-- Table: AnnouncementStatus (3 rows)
-- --------------------------------------------
TRUNCATE TABLE `AnnouncementStatus`;
INSERT INTO `AnnouncementStatus` (`status_id`, `status`) VALUES (1, 'Active');
INSERT INTO `AnnouncementStatus` (`status_id`, `status`) VALUES (2, 'Archived');
INSERT INTO `AnnouncementStatus` (`status_id`, `status`) VALUES (3, 'Inactive');

-- --------------------------------------------
-- Table: ApprovalStatus (3 rows)
-- --------------------------------------------
TRUNCATE TABLE `ApprovalStatus`;
INSERT INTO `ApprovalStatus` (`approval_status_id`, `status`) VALUES (1, 'Declined');
INSERT INTO `ApprovalStatus` (`approval_status_id`, `status`) VALUES (2, 'Pending');
INSERT INTO `ApprovalStatus` (`approval_status_id`, `status`) VALUES (3, 'Approved');

-- --------------------------------------------
-- Table: AvailabilityStatus (4 rows)
-- --------------------------------------------
TRUNCATE TABLE `AvailabilityStatus`;
INSERT INTO `AvailabilityStatus` (`status_id`, `status_name`) VALUES (1, 'Archived');
INSERT INTO `AvailabilityStatus` (`status_id`, `status_name`) VALUES (2, 'Available');
INSERT INTO `AvailabilityStatus` (`status_id`, `status_name`) VALUES (3, 'Unavailable');
INSERT INTO `AvailabilityStatus` (`status_id`, `status_name`) VALUES (4, 'Under Maintenance');

-- --------------------------------------------
-- Table: Booking (5 rows)
-- --------------------------------------------
TRUNCATE TABLE `Booking`;
INSERT INTO `Booking` (`booking_id`, `confirmation_date`, `reservation_id`, `venue_id`, `booking_status_id`, `staff_id`) VALUES (1, '2026-03-09 07:00:00.000', 2, 1, 2, 2);
INSERT INTO `Booking` (`booking_id`, `confirmation_date`, `reservation_id`, `venue_id`, `booking_status_id`, `staff_id`) VALUES (2, '2026-03-08 05:00:00.000', 5, 2, 1, 2);
INSERT INTO `Booking` (`booking_id`, `confirmation_date`, `reservation_id`, `venue_id`, `booking_status_id`, `staff_id`) VALUES (3, '2026-03-07 01:00:00.000', 1, 1, 1, 2);
INSERT INTO `Booking` (`booking_id`, `confirmation_date`, `reservation_id`, `venue_id`, `booking_status_id`, `staff_id`) VALUES (4, '2026-03-06 03:00:00.000', 3, 1, 3, NULL);
INSERT INTO `Booking` (`booking_id`, `confirmation_date`, `reservation_id`, `venue_id`, `booking_status_id`, `staff_id`) VALUES (5, '2026-03-05 02:00:00.000', 1, 1, 1, 2);

-- --------------------------------------------
-- Table: BookingStatus (3 rows)
-- --------------------------------------------
TRUNCATE TABLE `BookingStatus`;
INSERT INTO `BookingStatus` (`booking_status_id`, `status`) VALUES (1, 'Confirmed');
INSERT INTO `BookingStatus` (`booking_status_id`, `status`) VALUES (2, 'Cancelled');
INSERT INTO `BookingStatus` (`booking_status_id`, `status`) VALUES (3, 'Pending');

-- --------------------------------------------
-- Table: CalendarBlock (2 rows)
-- --------------------------------------------
TRUNCATE TABLE `CalendarBlock`;
INSERT INTO `CalendarBlock` (`block_id`, `title`, `block_date`, `block_type`, `venue_id`, `notes`, `created_at`) VALUES (4, 'Holiday example', '2026-07-17 00:00:00.000', 'Holiday', 2, NULL, '2026-07-16 14:28:52.017');
INSERT INTO `CalendarBlock` (`block_id`, `title`, `block_date`, `block_type`, `venue_id`, `notes`, `created_at`) VALUES (5, 'Holiday example', '2026-07-17 00:00:00.000', 'Holiday', 1, NULL, '2026-07-16 14:28:52.017');

-- --------------------------------------------
-- Table: Client (13 rows)
-- --------------------------------------------
TRUNCATE TABLE `Client`;
INSERT INTO `Client` (`client_id`, `username`, `first_name`, `middle_name`, `last_name`, `email`, `contact_number`, `password`, `id_proof`, `account_status`, `verification_status`, `remarks`, `profile_photo`, `otp`, `otp_expiration`, `client_role_id`, `client_org_id`, `created_at`) VALUES (1, 'carlo.mendoza', 'Carlo', 'Santos', 'Mendoza', 'carlo@email.com', '09170111222', 'pass321', 'id1.jpg', 'Active', 'Pending', NULL, 'client1.jpg', NULL, NULL, 'PROV', 1, '2026-07-12 18:38:05.159');
INSERT INTO `Client` (`client_id`, `username`, `first_name`, `middle_name`, `last_name`, `email`, `contact_number`, `password`, `id_proof`, `account_status`, `verification_status`, `remarks`, `profile_photo`, `otp`, `otp_expiration`, `client_role_id`, `client_org_id`, `created_at`) VALUES (2, 'beatriz.lopez', 'Beatriz', 'Reyes', 'Lopez', 'beatriz@email.com', '09171222333', 'pass654', 'id2.jpg', 'Active', 'Pending', NULL, 'client2.jpg', NULL, NULL, 'PUB', 2, '2026-07-12 18:38:05.159');
INSERT INTO `Client` (`client_id`, `username`, `first_name`, `middle_name`, `last_name`, `email`, `contact_number`, `password`, `id_proof`, `account_status`, `verification_status`, `remarks`, `profile_photo`, `otp`, `otp_expiration`, `client_role_id`, `client_org_id`, `created_at`) VALUES (3, 'daniel.flores', 'Daniel', 'Gomez', 'Flores', 'daniel@email.com', '09172333444', 'pass987', 'id3.jpg', 'Active', 'Pending', NULL, 'client3.jpg', NULL, NULL, 'PUB', 3, '2026-07-12 18:38:05.159');
INSERT INTO `Client` (`client_id`, `username`, `first_name`, `middle_name`, `last_name`, `email`, `contact_number`, `password`, `id_proof`, `account_status`, `verification_status`, `remarks`, `profile_photo`, `otp`, `otp_expiration`, `client_role_id`, `client_org_id`, `created_at`) VALUES (4, 'katrina.villanueva', 'Katrina', 'Beltran', 'Villanueva', 'katrina@email.com', '09173444555', 'pass159', 'id4.jpg', 'Active', 'Declined', NULL, 'client4.jpg', NULL, NULL, 'PROV', 4, '2026-07-12 18:38:05.159');
INSERT INTO `Client` (`client_id`, `username`, `first_name`, `middle_name`, `last_name`, `email`, `contact_number`, `password`, `id_proof`, `account_status`, `verification_status`, `remarks`, `profile_photo`, `otp`, `otp_expiration`, `client_role_id`, `client_org_id`, `created_at`) VALUES (5, 'mark.bautista', 'Mark', 'Dizon', 'Bautista', 'mark@email.com', '09174555666', 'pass753', 'id5.jpg', 'Active', 'Verified', NULL, 'client5.jpg', NULL, NULL, 'PUB', 5, '2026-07-12 18:38:05.159');
INSERT INTO `Client` (`client_id`, `username`, `first_name`, `middle_name`, `last_name`, `email`, `contact_number`, `password`, `id_proof`, `account_status`, `verification_status`, `remarks`, `profile_photo`, `otp`, `otp_expiration`, `client_role_id`, `client_org_id`, `created_at`) VALUES (6, 'mikaeljules.balabag', 'Mikael Jules', 'Puello', 'Balabag', 'puellokyle@gmail.com', '', 'Skyhigh1', NULL, 'Active', 'Pending', NULL, NULL, NULL, NULL, 'PUB', 1, '2026-07-12 18:38:05.159');
INSERT INTO `Client` (`client_id`, `username`, `first_name`, `middle_name`, `last_name`, `email`, `contact_number`, `password`, `id_proof`, `account_status`, `verification_status`, `remarks`, `profile_photo`, `otp`, `otp_expiration`, `client_role_id`, `client_org_id`, `created_at`) VALUES (7, 'mikael2jules.balabag', 'Mikael2 Jules', 'Puello', 'Balabag', 'dasdasd@gmail.com', '', '$2b$12$M.3WR5zMi6RXPW6YieSHnu0nCE7NSClMD6O/0LGcmNvDX8zj28oKi', NULL, 'Deactivated', 'Pending', NULL, NULL, NULL, NULL, 'PROV', 1, '2026-07-12 18:38:05.159');
INSERT INTO `Client` (`client_id`, `username`, `first_name`, `middle_name`, `last_name`, `email`, `contact_number`, `password`, `id_proof`, `account_status`, `verification_status`, `remarks`, `profile_photo`, `otp`, `otp_expiration`, `client_role_id`, `client_org_id`, `created_at`) VALUES (8, 'ree.rer', 'ree', 'rer', 'rer', 'werer', '7589094585', '$2b$12$9.m3LezJHXHJo683A5DgGeBGuvfqoI/7U4g7hVF223Jmjb/SlC3bS', NULL, 'Active', 'Pending', NULL, NULL, NULL, NULL, 'PROV', 1, '2026-07-12 18:38:05.159');
INSERT INTO `Client` (`client_id`, `username`, `first_name`, `middle_name`, `last_name`, `email`, `contact_number`, `password`, `id_proof`, `account_status`, `verification_status`, `remarks`, `profile_photo`, `otp`, `otp_expiration`, `client_role_id`, `client_org_id`, `created_at`) VALUES (9, 'client', 'Client', NULL, 'User', 'client@gmail.com', '09123456789', '$2b$12$Na5G0YLI83l13tPCxOmtB.kxDksXXOr6AsNr9ZgNDF1YyoyM58N3q', NULL, 'Active', 'Pending', NULL, NULL, NULL, NULL, 'PUB', 1, '2026-07-12 18:38:05.159');
INSERT INTO `Client` (`client_id`, `username`, `first_name`, `middle_name`, `last_name`, `email`, `contact_number`, `password`, `id_proof`, `account_status`, `verification_status`, `remarks`, `profile_photo`, `otp`, `otp_expiration`, `client_role_id`, `client_org_id`, `created_at`) VALUES (10, 'client0', 'Client', NULL, 'Client0', 'client0@gmail.com', '09939794115', '$2b$12$wVv/d9LY/ncIwYWOnfE1EuTDZi2pJmxxlN545VA/gEUCzrc2.wbza', 'data:image/jpeg;base64,/9j/4AAQSkZJRgABAQAAAQABAAD/2wBDAA8PDw8PDw8PDw8PDw8PDw8RERERERERERERERERERERERERERERERERERERERERERERERERERERERERERERERH/wQARCAFoAWgDACIAAREAAhEA/8QAqgABAAIDAQEAAAAAAAAAAAAAAAEEAgUGAwcQAAEDAgIDBwwOBwYGAwEAAAABAgMEEgUTESIyFCEjMTNCUgYVJEFDUVRykZKx0zREU2FicXOBgpSisrPSFiVjg5OhwlVkdKPD8EWEpMHU4zVl5LQRAQACAQEDBwgIBQUBAAAAAAABAgMRBBIhBRMxMkFhcUJRUmJygZGhFBUiU5KisdIjM0OC4lSTssHC0f/aAAwDAAABAQIBAD8A7UAAAAAAAAAAAAAAAAAAAAAAAAAAAAAAAAAAAAAAAAAAAAAAAAAAAAAAAAAAAAAAAAAAAAAAAAAAAAAAAAAAAAAAAAAAAAAAAAAAAAAAAAAAAAAAAAAAAAAAAAAAAAAAAAAAAAAAAAAAAAAAAAAAAAAAAAAAAAAAAAAAAAAAAAAAAAAAAAAAAAAAAAAAAAAAAAAAAAAAAAAAAAAAAAAAAAAAAAAAAAAAAAAAAAAAAAAAAAAAAAAAAAABAAkEACQQZI1y76NcvvoiqgEAm13Rd5FFrui7yKBAJtd0XeRRa7ou8igQCbXdF3kUWu6LvIoEAm13Rd5FFrui7yKBAJtd0XeRRa7ou8igQCbXdF3kUWu6LvIoEAm13Rd5FFrui7yKBACoqcaKnxpoIAkEACQERV4tK+8iE2P6DvIoEAm13Rd5FFrui7yKBAJtd0XeRRa7ou8igQCbXdF3kUWu6LvIoEAm13Rd5FFrui7yKBAJtd0XeRRa7ou8igQCbXdF3kUWu6LvIoEAm13Rd5FFj+i7yAQCABIIAEggAAAAAAGmxzFH4ZTR5CN3XVPeyFz0ubE1iNWSa3n2arWNODdX4g9yufiFc5zl0qqVUzU+ZrHsYh0nVdt4V8lXffpzkTKESsbsrvD6/wCuVHrRuyu8Pr/rlR60rji7yfGShY3ZXeH1/wBcqPWjdld4fX/XKj1pX0p30TT29PfAFjdld4fX/XKj1o3ZXeH1/wBcqPWlfT76ACxuyu8Pr/rlR60bsrvD6/65UetK48gFjdld4fX/AFyo9aN2V3h9f9cqPWlcAWN2V3h9f9cqPWjdld4fX/XKj1pXGlO+gFjdld4fX/XKj1o3ZXeH1/1yo9aVwBfp8WxGjkSZlZUy2azoaiaSaKVvbY9sjvtNPp0cjZY4pmIqMmijlai9GVjXoi/FpPkLtl3ir6D6vRewaD/A0f4BjKYWR8aoiIiqqr2kTfVQYS8lL8lL+GQyiNZiPPLiq/EqqteuVU1NJTtVUjjgesSq1OJ8rmaHvVTWK6u7WJ13z1VR60xbItrd5OJCcxe8n8ypGTJHlfKJdPOxbFNYicUcKxGsTaJ+VoYK/EvD6365U+tMM7EvDa765UetPRZF77T3hiq6j2PTzTb/AHOJxlGbJ6tle/J2xREzvZMceeLR/wClLdGJeGV/1yf1pkk2JL7drvrk/rToYcBxaXucEHyr/U5htYepjwitf+5ibH6w9IvlnyKqdsHJuOeO0Zbd1dJ1/K41HYj/AGhW/W6n1p6Itb/aWIfWp/Wnft6n8LamtA+Rek6abT98sJg+GN9pw+aNM0+VVEZeTKdGz5rz609Pwu+c3Vf9pYl9an/OYKtf/aVd9aqPWn0vrVhvgVN/CYeb8Dwt3tRn0b2fccRpmjy08/ybbrbLevsz/nD5pmYl4fW/XKn85hn4l4bX/XZ/Wn0GbqboX8jJPT/TzG/5t5qpupqt7hUwTfKMfF6wnezR2Vt3ojHyXk6MmfFr5Nv/ALuy5PPxLw2v+uz+tM8zE/Dq365U/nNpNhmKwe05f3Vs34Wua5z3scrX6jm8bXttd9ownLkWsewbDbq5b5P76z/xLsR/tGt+t1PrT0R1Z/aWI/Wp/wA553u+CvzE5i95DCcuSe3TwiIWqbDsVdP4WvtTaXYYJWzVDJaeoe6V8DWOZK9dMj2Krm8J77DeHJ9TrldUVW8iaII/xTrCxjmZpGvHp4tJt1KY9pvXHWK00rMViNIjWtQAGamAAAAAAAA47qu28K+Srvv05yJ13Vbt4X8nXffpzkTKOhAbXDIsxmIuhghqsQjggdRQzMZKitWVyVcscEupLNEy2xpqiFRHcaIuhUVNKcSgdG2CsyqnJwqg67bthZVU25qaTIptzRZGXTcJFHun21KWZqHDJIcQiY6lpL8WhhpanuVPUdbt0TwZ3gubnw/KnJWM6Ld7i3u+Ta3oomhNCb3aGneOrdHh3CTQRUkMHWKgkilraXdP/EMndE0OVy1RERBDhOZUVkm4I6Otk3JBn9ibEf6xrKGDh8nsj2OcsjWad9ETjVF4tYysZpXfTf3lVFTi7RHxZRWZ48I7OM6Opp8OomMwejrEijruuNbw1nB1W5K3XpZ/dN0Q+xcwoI6j3LV1W5I91YdVT0MTcqPc8u6Zexqio/aUfD/5BpMuLQuymnjRE072je5qaVRxKMj08aJocqIqJzUVqcY+PwTuT56/ihuqKmoZcHk3VZDNNizKWnrHe15NxZsed/dpOTlNluLD4azEZKvcMNPVVr6Knjn4DKp44+yqij4Lls3Kyjk7I131VNOhU408iqrTBGtTiaiaURF0IT8WMxu6dE6+adXRLh9FHh9NBXStpKyGqxTNqPd4KOaLdEHy2VJnUZsXUkL937kw+P2XhtkfW6krsqKXC4ZbLKiWDL4XupxiNanE1E+bvELGxeNjV0d9EGnej3PR6OR8iPajHpJIj2I1GIx6PcjmIxulrLHarWN1WmIRNHvaO0gJQh2y7xV9B9XovYNB/gaP8Bh8odsu8VfQfV6L2DQf4Gj/AAGESmFkxkRXRyNboVXRyNairo0ucxzU8rlMiU40+NPSYsonSYnzOSg6l616JnzwQavNvmf/AKZtoepeiZy0s9R9PLj/AMtqPOmBhGOkdi1fbdpv/UmserEQ18GF4fTaMmkhbbz7L3+e/XL+93iShXU80+5smSSPLq4XS5c8kN0HdG8HyniuMoiI6FW1rWnW1rWnzzMzK+DmYaLGbaPMmffC/srsuXheHo9dmvIx/Y+6tSTgv2A3DjmTwlbmubTRxsbHLl3S50UnDyWxv6UObC5nAQ38pISh0wNHVwYxI+6CSKJm4nQZbZ38tNC++e7J9r1G5dz5n96K8lHjd3snMfdPlTR1DoI/aG56iens4TkKrNpeS1wOkBpammxJ09XlSOsky8h26nRNZF2Pn0+TlcvLZPZWdzziu2kxq+PsluVwN8TpnSOZFumrl5azXmiiWlhle72SB0QOYZQYvud7M+aPsKdsbd3SySNq8imy5c/3N9RG7U7mWJKPE87gp5MnP4Dsp/At003CTar3VTbGT9jud+JmwBvjylghmbZNFHK3oyMa9v2jQbjxrLW6pzXdi5bc98bdurdIyofHwtrMyDhYbHSNYy9kh0gGln6n8Lmu0QLC53Ohe6P7HJGpm6lfB6x376NPv8GdgSYzSs9kLFNr2jH1ctvC070fmcnhOFVeHTzuqMpzJIWNa6N6qiuR92jQ5rHG8LE/E3xv+xXJiN2NHnly2zX5y/Wn4cAAEvMAAAAAAABx3VYiq/DFRFXRHWoqonffTnI/y+PeO66ouOg4l1Kr70RzStavGiHlbNu2mu7rppx106W0wcmfSMFM1cu5N97Ws11jhNqtUDZLBEvNTyIYLTR/F8WlP6hG0U7YtHzLcj7RHVvinxmYlQBdWlb318oSlb0lMufp3/B5/VW1+anjvKQ0p7xsEpoz0SJnRMZ2ivZFp8eD1pyPnnr5MdPDWzV+XyA21otava9JH0j1Pm9fqaf9RH4P82pBs1hjXmp5DzWmj9/+ZlG0V7YtHzeNuSNojq3x28ZmJUAXdyt6S+UlKVnfXyqTz9PW+Dzjkra5+7jvmyiPIbFKeJOb/v5zNIo04monzIhjO0V7ItPjwe1eR809bLjr4ay1SoqtdoRV1V4kVe0fV6L2DQ/4Kk/AYfPlRLV3k2VPoVJ7EpP8LB+GwmmTnJnhppx6dXhtmwxslaTzm/N5mJ4aRGiwE408ZPSAnGnjJ6T0UGwAAAAAV1fVc2na7WfvuktarUXU6btn7RCSVdruAj02XNbmXa2nY029E9pGZjbb3s+ExSstFHo1JaiPUjj1JV2WNsAySWr8Fbxpbwrftc4yvqfcGcm/undG7LNnn6pG5tLnOdPPrPu1ZFa1NbZ80qSpDEkjN2VLHsTTtPfvWuf4uZbwgFrMq9CdjM4+1L97mjMq7Y+x27XCa/R6F3T5hWetLI6Ru7KlVkVdLWvc5rWubarERrFajT3WnSXhGVMzY5NLmpG9e6Xb7XfO2zmtsAzSSs8Hib+94vsELLV6jm0zOdcx0tvO2vpmK0iO2qir/jHolOrZI5GzzWtc5XMc667edo+b4NvMYB6xrJbwrGsfc7t6Ut5pmAAAAHjU8TCqW6rmFQAAAAAAAAAAAOY6pHWrQbyLpZVemI5rMXop5Ts8Xw2qxJ1JubKRIWzo90j1REWRWWpoa1XFeHqV4lqKxeLfZDGjdC+PJmFe9LWvMxGuunHobzZNtw4Nlx0vkiLV3/sxEzaNb2lyeYveb/MJI5zka3Q5zl0I1rVc5V+JNLj6FB1PYXDo0wLO5vOme6T7G9EbWKCGBtsMUcTejGxrG+RrRGGe2Yj5l+Vqx/Lpa3faYrD5xDhmKz8nRSfvbYfxTbQ9TVa/l6inh+TY+b1Z2wM+ZoqX5U2q3V3aeHFz0PU3RM5aSef6eW3/ACmsLbcCwpvtXzpJX/febVzkaiucuq1FXfXiOdlxioqZHwYTAk1m3VS8gTMY6+S8q5dszzMxmyaV42tzk0pWPxbrZdacN8Cp/wCG0hcHwzwOH5m2mq3LisnL4zl/I09zf9IfrymXgqmHEWe5yMSGX6A4fdp0vr9nbq7/ALeWv5rViq87AML8HczxZpvzmul6mGe16yT99Hm/cyjbYfikNddHa6Cqj5Snk2zaDdx28mqPpO2YLbtsuWLea1t79Xz+bAMVi2GQVG/3N/rrDVTQVlPpz6aaJGroVzonWfM9NLFPqxHzGM4avenKu0R14rf8r5EkirxK1fiQnMXvN/mfTp8NoKnTnUkD3O432aJPPbrmpm6mKB+/C+en3tCNa/MYi/FK17jCcM9kxPyW6cq4569b0/NVw7pFtXeTZXtqfRaT2HSf4Wn/AAmHOT9S1Y3TkVME293Rr4fWHS07HRU9PFImvFBDG/f5zI7XGeKs1mdY01iFblDaMeemLm7xbdmZmOiY1ewTjTxk9ICcaeMnpPZqmwAAAAxetrHu6LVXt6OLt6NLgMga5tfK5G9hT32Jc1EW1rlRunft99zm3azmmUda6SWOPcs7L5JGudI1WWtayV12i3pRtbrWcswC+RoTt+gkoS1ksbrWU6uTLY67hO34kT9W7gdXWzdtmWBeVrN/Vb5O/dp9IRERE0Jo0Gs64TN09iPs27uE5PbbdqcpLzNbmPY98Y3fUItu43u1nbN/0WbFuZbw3RyufmAbQFKmqpZpLH07o+Cvv1/O12M4OTmeI+8ugAAAAAHlVcwqFuq5hUAAAAAAIAAAAAWafn/R/qLBWp+f839RZAAAAAQBzeLTS1lVFhMD7GObm1knRi6BdiijhjbFExI4mbLE9PjLznu1nGsoFzK7GZ3Jr7qZBd8GNX+rabYwp6S1tE7nN4K9WlK2t61713t79qjUuxJ+Z1ubRNyZEjfuvMc6RbWudZY61jT1pZ3zskzo2RzwTLBM2Nyvic7LZLmRXa1sjJNiTWjcUaqS2eqZHFWPkyG35NZk+yF22RvfylrNSeMt4flrTNmic97KhUk135jtRmTrP57uD1nh5PHEaV0rUrKZVZXUvCRvamtK1ia0Tvft2TdUFW2tpIalvdG6zei/nHgi6HNXvORf5lHAdEb8TptGpDXS2eLs/wCmOi0aeU9Imcuz2i3WwTWa27YpadJpr5otuuiABmrAAAFB+2/x3/eL5QdtP8dwGJKcaeMnpIJTjTxk9IGwAAAwkcrI3utV1jHOtTnWppRu9p4zMAa1mJNtiuglvkRmymqtzHS2R3a0jmbMurc1x7wVec/LyJo1ys3hG6u3YWwANfLWujda2BX6jHXXO5yc6yKTg+4tc3Wz+YbAAavri/wV9m1dpfyW23Vs5SVnJN51j2XxjrhKjtG436bnbKu7S7GxbmvZw1mzka95tABSpqt88ljoFjTKvv0utXZ323MZwUncnbTrH6hdAAAAAAAK9RxN8b/sVizUcTfGX0FYAAAAAAAAAAALFPz/AJv6iyVqfn/N/UWQAAAAADladEpsWxOld7Zy6qH/AFPxDcNai8aqujtIV8WoJahIqqkdZXUjrov2jfclUr0FfHVK5mjKqGrwtM/VkjdzrLtZ8f2jGmlZms8NZma69ExM66LWaJzUrnp9rdpWuWI42rNI3Yt7N6wivw19Ymm6yS10auhe6HgHLyD9a6SP7zjYQU7YoYorGxpFGyNGxqtiaE37LtbQrukel7U49DdKomhd5yr855yTq1rsttyt062hLGfCe5zrNDG62s49VXWw62NVc9yNYxMx712UYzWc5xTwBrnwVVZb7Nq5pfoXFGeaTFpVoKJzlpkciVlXo0NVqLpyolU6iKJkETIo22xxsRrG95p5a71tY6tVm0czh3Lfzcu7Nq+hjr0b3t2eoAMlYAAAoO2n+O70l8oO2n+O70gYkpxp4yekglONPGT0gbAAADzlY58UrGPVj3xva1+ldLHOa5EcmjQ7edrHoecrXPilYx6se+ORrXpp0scrXIjk0d52sBTSlq4+TrX6NXVclycTdFl97951znNc5+Y2xj3npFDVslY6SrzokYtzMpiXPW3T9u5zW6lrTwfS4hoc3drde+51lrt9kTW2W7FjmdLnvNkBJQlpqp77m1FuozVvl83UczncNfqS3aj+DL5TfFXX6lRGxlsOpZp1mu4S537QDxWkqslzd0q6S9zmuc+ZrX6YXRa1j7ma9s1kfBNczUM9zVOh1lTZ2S2XWzJuDSJkeXdfHt8p8qY5GJZbuzW5tr7NSPLu5nciFgxHX7LbrNXU0c7o5lv27WdOwAykqMuRj6m5HwMjZvzXRuj2ddsqOf8AtX7U7nmO4qvf7Nk0XO58nJ82O667X58u03mHoyCva1Oy/hZdrJG7fPflXv8AOYTHBXt26lj3cHd9B3N1LNfnAXI2ubHG171e5jGNc/pd9xmUWw16K1z6zZc3USOO1U06+ngruE+zsF4AAAK9RxN8ZfQVizUcTfGX0FYAAAAAAAAAAALNOu9J76t/qLBWp+f8bfQ4sgAAABQlr2wV9PRTRPYlXHIsE/cnSx6z6d3OZJlcI27VcVY8eoNz7qqJGUlPLPLHSvld7Lji9sRx7eVcBuDW1uFUddrSstm5s0epJ/vxiy2spXvgjZURPdVRvlgtcjs1kdtzmK3VVN8rvxbDY42SyVsDI5HT2Pv29z8t5hExE8JZUvbHbepa1beeJUG4TiEenJxmdrP2sWd9p7wmBLMqbvr6ms1uT5KLzC7ieKwYXTQVcrHywTTxxcHzGyMfJmeawnrpT7sSl7n1s65bqvZkbnzMv/byNyr2+lZuy1a+tXHStvxVrvLsMEVPG2KGNscfRaeproMXw2pZPJBWQyMpWOkm3+TjZ3Rf2Z5dfsG4T9ZUnBbfC/7zDJXmZmdZnWenjPHVtwa+XFcOgpoquSsgbTzclIj+U8Sz7ZcilinjZNDIyWKRtzJI3XNcB6AAAUHbb+3rv9JfNe7af47vSBBKcaeMnpICcaeMnpA2IAAAAAAYPekbbnaeNrU8Z7msb5XAZkNc1yI5rrk6RqsRR75I4YnZs0kb7afmtbpaslRLzUSzseJ0jdWWbUJj65Nmu3PGyJ2RHozNWOJr3I+yNktuY/a+SYwDZuexm29rLl5ziUVFRFRdKLxL/wBzXTMlk1+FjrYX1G53MYuXZI/Uvu4J8T7IpJ7nZpikmKt0tbS0rW26mv0W7DtcDaA1lKyu3VJJUXZbmy8/V22W2R3vbsW/C2zZgAAAAAFeo4m+MvoKxZqOJvjL6CsAAAAAAAAAAAFin5/xt9DiyVqfn/G30OLIAAAafHsPkxPDJ6WFse6L4XwOk1WseyRtz/4SynjU0FTT4hTYhh0FPOyHD+t+5JJVp2xMzMxksD8qT6RvgBykGE19AzCNztpKmai64MnizH08XZ0udwD8qTg4RR4PWRPwbdO5n7hq8VnqLP7zfkZV7OmbxG1iO3nN0Xuuv1ue5Wqz3rLWuaQu7dVN7S7t8bU77pP6cvnEa90/BnuetX4vDFqKWt635WX2NitHUy5nuMW2ayDA6qir6yahmj3O/DKuCizPalRPMybLt8GzeEN6qVd20237Tt/xPP8AsEtSr0ppczQ12z39Zv8AK253SuCP7quZjwjFZX1c1Tys+BVmH+y90dkSf8vFwJsYMLmjqMClsg/V2HSU8/yuTFHwf2jZo2tuTXjc1fe+G/8Apta49oUn185zXJq273lB2eS5duC4jDT4dlWZ1D1zZkxVW5+Dq6jOZkT5MmWdBhlKtHSNhVmW9z5ZXsz31LWule566JnxROXTtO1do2AJYgAAGvdtP8d3pNga920/x3ekCAnGnjJ6QE408ZPSBsQAAAAAwelzHNtY+5qpY/Zd7ztV5mAKrEli05dNTMu0XWyqmnRxb+598zvqfcof4zv/AByrXUz5ljkSeSnbDHNc6JVSRXPdEqJpuTQ22N1xTghpoXx219U9vCcC98mW7Ma/MuZb0+G/Z2BOvd+rbX1PuUP8b/8AOL6n3KH+M/8A8c0cdHDlNiixStbwOUzLe+NiNbHZqRtbZ/q/DzD03HDUOt64Vr75JLNea6PWik1Pc8p0AG5a6fSl8cbU77ZXO/llMPYhEVERNN2hE1u+SEAAAAACvUcTfGX0FYs1HE3xl9BWAAAAAAAIAEggAWafn/G30OLJ4UvdPonuAAKdXSLULE66Pg+5yx5kcmvE/XS9nuYFwGqdhsmm5lZJdZG191/CLFA2BrnObKx7Hcre+PWc15so2uYyNrnukcxjWue7afvbYGYBCpvL8/8Ave0ASDXzUSyq510euyjjfc1/td8zrmuvuzH5upL3M8XYW913DMt7K4GyRsXZHizXs1mAbYGqTDXa2ZUZnCZl7oufkyx37eptxcnZ7HYelJQupZGvzrkyMq3R8Nrk0613BtY2zm3PneBsQAAAAA17tp/ju9JsDXu2n+O70gQE408ZPSQSnGnjJ6QNiAAAAAAAARoRdC6E0t4t7i3tG8pUq6l9Pk2Ni4RZLnTSOjZGyKJ8rn6sUhpf0kpvDMK+s1H/AIYHTA5+XHWU+Tmz4XHnw53sqfkun7EIixzPz9zPw6p3PBJUcFUz8lH/AMoB0IAAAAAAAK9RxN8ZfQVizUcTPGX0FUCQQAJBAAAAAAALdL3T6J7nhS90+ie4Ao1lGtS+JyS5WWyVtyN4VuY6J2ZA67g5ODt8V5eKlTWR0qsa5kj1eyWREjRum2Gy/nXd0ArRYe6KoinzY9TuccasYmpKy2PX1GyZmc/b4U2hRTEaXpSXbNuVJcj+ezZ5SNus/ot1yxT1ENSxZIXLIxr1Zda5NNtuzc3Xbv7TQPYhU3l+f/fSJI7XlA1c+Gvme5+e1lzW8x7u5ZXut3BO7Ip/c6l95L8Oe+Z0m6OejrrNfx9XUzYvarrbY733skPWXEIYXrG5k3zI3mxNqJufdwUL2yOMo62ORsbmsl4SfJ5nOg3Qx+3syRW/C19iMDwTDn5+buju+Zsftc2/b5b2vf4JwJtCkyuidtskhbkSz3yWWWQvy5Nh7/gu6J5sxSnckWpMzNyHNc5G7EkeY6Tb5On2Z/2uoBsQUJMQiikdG+KfVkdHpblvRdDGP5r1f3SLaazWeelNWxVLrY2v2X6y2K1XRuY2RjbHv5N0jdbZdfqPAtgAAa9+3J8o/wC8bA179uT5R/3gMSU408ZPSQSnGnjJ6QNiAAAAAAADTYxyX7jEf/4Zjm6Gssnw+TrtRspNy0V8XXGDwNl/A/KnT4pI6LKlZtRx18nmUcxy9NLPPNS0/XDl4ab/AIVh+Vw1Pugi2nne2CckTk5vHXJritvb1eivpeLyjm4Kn7LhpJpOprCMrshlP7bmLsM7ZY8vdcFZPFgWPZuVUbp7vSFSoq8VqOt256ikh/UuHTS51LD7Iqp8jwaXlD1pH4p2ZHXzU8kc2B10zMqnii2dzdCnizOX7nwA3eO9qw5yeb5rdrpv7+9p9ro3dNXeAAlgAAAAAK9RxN8ZfulUtVHE3xl+6VQAAAAAAAAAAAt0vdPonuVqbn/RLIAq1E8ML2MljvzIqlzn2XNjgiys+7yt2WvLR5viiltzIo5LdNt7Gu2trjAoOq8N2stjZHq5nCU7mO5zreSu2rtbpF6BY3QxyRMbG2VjZbdDe6a/MC08Dl0ughd8LKZd5T0aiNRGolrWpo0InEBJC6NC73aJIVNKb/vga98+HZuVJGzNbuWP2Ou09/Y8TnWW7VtjDFtdhtuqjbLpJHObTvsSTS5j3OXKtuL7oYXdxi4m8xnN2TF1LTWOjyIrHtdssa3aAoR1eHRPc2OFsL2Msa1sCMdYzuezbFr8HbJY24NqsN1dMDI14N3sfYy78l7nRtsZY1krmeI8v7mprMvIiRtis1W2kMpoGMsyo9nnMa7pbXnu88ColXQyP2I+CjnqMzL9zflSfvCW1dBE7VjVj7Wx6lM+62PVs1Yu5Ptj/ZlxKenbswQ8XuTAlPTt2YIW7OzGzm7IGTHtkYyRi3MkY17F+C7WQzIaiNRGtS1rU0Wp2iQBr37cnyj/ALxsDXv5ST5R/wB5wGJKcaeMnpICcaeMnpA2QAAAAAAANVibL0gbolsfuqJ74oZajLzqWWK6yE00NNJBkchm08UVk36O4r3KLJ8JOuA4eZMWtXXdmY1iYnSZjWs9kuGnwjXoNzYjXUu4sOp6L/4jEe5GNFhO4N2ybpravOw6qpY4uteIRcvle63ndgIAAAAAAAAV6jib4y/dKpaqOJnjL90qgAAAAAAAAAABZpuf9EslWnVNL0VUTToVEVU0qicaoWgBTq92aI20jW3q67Me/QxuXrWvbbe9suy7LLhRqm1KzUzoVkyWtnzWxvY11/BZG2+P9r029NgHhE3Fc1jpFjyuDva6xXvbscJbqslYzWdueyJ0ptTRN69P2strmWI52rl5uRrPpvdI82SX2R8A2VJuu2fdbmad0SZVjUTgNLcvnLpXxmscBbIXToUkhdOhQNXUR4lmcDKrWWt58fuerzOZUcNP7pBqCSPEc5ysk1L+m2zm2am1ls1s9ndOYKiLEnPcsMtrLWaNdiLybUZvWccc10k7tmeDUYJIsSzXWyal/T1ObZqe5x+2IruEAh8WKXvsmbyj7NZlu1t7HJZPA2e78Me1KytZL2Q9crL1Wue1/O4FvykfC5r+6XsPF8WKXyWTN5SSzW1drb2OS3PwOV7vwx7UrK1svZD1ysvZc9r+dwLflY25ufL3TUA2AAAAAAa9/KSfKP8AvONhpTvmucqK5ypoVFcqoqb6Kirp0gQE408ZPSAnGnjJ/JQNkBvAAaPGYZJXUTnQz1WHxyS7tpafTmyaWdjvy2uuqIYn7cRvABxlTSS6/wCr8UkZuGCPB2Zzv1fUcLy7919jzX5E26vcOBPeSlxv9Z8K7suOKGa39lhlNfUUf+Jlz6TzJjrABxdPh2Ibp3XJFJDkdapb82p3RbT0NPuikp4M3JkzpWbnlziHU+N7lxHNhfdidHLUcDUSS5NZmcl+x7HkydXwQ618cuYj2SauhNXzvo/msPLIn0csvEqIuutm9tbWuq7TbuT2GBl8GgWkxP8AWckt+6KKGglw+fX7Mkpd19zzfbEXY1YXKqhn6109JDLPn7sonzVDOXukq2S1NR9DaNqkNRv9kbSs5mzra3nt81xgkFR4Qu18LoW9K1Na4jXuTu19Ovwlz7qfFqiOppJqdWvq8TvqJI58iB1JT0dIy6Kfh5Yd1VDNi0zZHjb6mKpRro52YbT0c7ZOQll3TUwzVTfkeCrWf3bgTpomubG1rluc1qXLvrv/AEtY9SWDgGUFZHJR7ppa2oiipZI3XwzVev1zqX9zrqbLmkhtkzeGO/AAAACvU8TPGX0FUtVGhUZo7Tl7fvaNJVAAAAAAAIAEggAcx1S7WHrxaG1SoqeNEaeHE8Rp+SrZ/wB4qTfjG76oUS6h06Nip+9Ec7Y3olXJaYvbTV0ew4a5Njxb1aWid/haIny7N7D1T10ejOhgnaiJs3wvX8RptYOqijfy8M8H0c2P7DrzjLG/7UxVI07ap85EZbx26+MassnJ2zW8mKd9bTHyl9LgxXDqjRlVcPHvMc/Lf5kljzYfOfIlWHvp5UPWGqdB7HqZofk5nN/qPSMs9tJUb8mY9f4e0017K2mJn4w+sEnz2HH8Sj7vHP8ALRJ/pZZdZ1S1fdKaDz3s/pMuep3w8J5M2qOrGO/s3j/vR2oOQ/SiTwBv1j/85C9U8vgTP46+pJ53H6TH6t2z7n89P3OvBxD+qSu5kVKz+I81k+L183KV0v7ngfw9cic1ex6V5L2jy5xY49a76NJNDC2+aWOJnSke1rTVTY/hcPtjO+RY6T/1HztzonuVz3ue7pPfc77TiUyukvlMJy29FYx8mYfK2iL+zMQ62bqqb7Xo3/vpMv7DMw1M3VDikvdYoPkovXZhqkYzvqvzk2N7y/zPOclp7Z93Bdx8n7PTTTHS3fad79UT1FROi59RPNxqiSSvc1F95t1qH0Gj9h0fa7EpvwWHz5zG6F1U4l7an0Gl9iUva0UtOnkiYemGdZt4Qpcq44x0wxEREb1+FeELBhLyU3b0wzfhuMjCTk5fkpvwz3lpq9avtQ+dQVNTTo3IqZ4dGhbY5Xo1V99tysU20PVFikW1JFP8rFo/BdGalrG2pvc1O2pNje8vlUpxeY6JmPe6u+yYskfbx47axHGY0n4urh6qme2KOTtci9snqzbQ49hc2jslsTv2zXRff1D56rG9/wDmY6I+kZxluqZOS9nnWYmcfhf9z6xHLFK2+ORkjOk11x6HyNr443I+OR8b+kx+W77LjZwYxXw6EjrpHt6M1k32nNzT0jN6VVK3Jk6/w8+K3tTpPyfSSTiY+qWs7pBTSeKr4/WHv+lD/AE+sf8ApMudo8vq3bPu4t/fR14OR/Sn/wCv/wCo/wDUYL1TzeBM/jr6oc7j9L9UfVu2fc6eN6fudiRpOBm6oMRk7pDT/Js9beamesmqNO6Kyol/e6nmbBjz0PWvJeb+pkxY/fq+kT4jQ03L1UMf09c1E3VPh8e9C2eo0pvK2PLb86zOjccKiQ81xlazpKYTmt5oj3aytY+S8PlZJyeE1iropuqmrfyFNDD8o983qzVTYvic/KVkv7q2H8JpUsb76/OLG95fKYTktPTMrtNhwU6uLH743p+eredTqq6prHOVznLBGqucqucumXvuOsOW6n0RJ6rR24I0X+KdQWMXUjxlo+UY3dqvXhwrTo9mqQQD0UUggAAAAAAGuxKkbWQWK9Y5GKropUaj7HKm+it7bX6NZpyEmF12n2XB5kh3rm6UKjqZFXiI3a666VmfPMavWufNWu5XLkpSNZisXtEcfBxHWird7YiX484nrHVe7U/kmO3SmanaQ9UganaQmOHmjwh5za1uta1u+ZmZcMmAVfu9L5sxn+jlZ4RSebP+Q7nLb3jO1O8TqhwydTVb4VSJ9Gc9W9TmI+HUvkqPyHa6EJ0ETx7GVb3p1L3p7NtHG/o/ifh1H5k/qjFep7E/D6PzJ/VHaAx3avX6TtP3+X/cs4depuv8Npf+o/IeS9TdZ4TSebP+Q7zQRahl0dERHhGjxta1uta1u+ZmZcF+j1X4RS+bN+Q81wGq92pvNlPoCsTvGCwtXtITqhwHWWq93h/ziUwusRd6qi8kq+lp3S07V7SHktKneI4T0xE+MRLKt716t719m0x+jnaLBpnyN3VVxvh50cUbr5Pg3v5M7FNG9oRERERERE0IiJvIiFeOKwsERWI6IiNenSIhlfLly6c5kvfd13d6ZnTXxAAS83IV2Dytkc6kqIo4naVSOWN90fivZttNWuGVq8dVF5JE9DTu5IrzwSlTvGMVrHk1+D3ttO0W4WzZZ7t+0Q4rrNVeEQ/5xPWGq93pvNmO5SnanaQ9EhanaQz6PNDxmZnpmZ75nWXDJ1PVfu9L5s35DL9G6zwmk82f8h3SMTvE2oNUOIb1N1/htL5Kj8h6p1PYn4fSeZP6o7PQSYzET0xWfGIl6VzZqdTLkr3Re0Q439H8T8OovMn9Uea9TuIrx11IvxNn/IdsNAitY8mse6GVto2i3Wz5Z7pvZwi9TVb26ukd8aVCmH6OVnhFJ5s/5DvdCEK1O8ZavGdZ4zMz3zOsuAXAKpO70vmzGPWOqTu8CfEkyHfLG3vGCwNXtINTo6JmPe4PrTWeExf5x6x4ZXafZVP5kh2S0zV7SENpkReIxmtZ6a1n3PWufPTq5sle6L2iHnhtG2jicl+bLIqLLJbY1dGy1jbl0NQ2Rg1uhDMRERGkcNOxhe9slpve02tbTW0zrM6AAJYgAAAAAAAAAAAAAAAAAAAAAAAAAAAAAAAAAAAAAAAAAAAAAAAAAAAAAAAAAAAAAAAAAAAAAAAAAAAAAAAAAAAAAAAAAAAAAAAAAAAAAAAAAAAAAAAAAAAAAAAAAAAAAAAAAAAAAAAAAAAAAAAAAAAAAAAAAAAAAAAAAAAAAAAAAAAAAAAAAAAAAAAAAAgAAAAAAAAAAAAAAAAAAAAAAAAAAAAAAAAAAAAAAAAAAAAAAAAAAAAAAAAAAAAB/9k=', 'Active', 'Verified', NULL, NULL, NULL, NULL, 'PUB', 4, '2026-07-12 18:38:05.159');
INSERT INTO `Client` (`client_id`, `username`, `first_name`, `middle_name`, `last_name`, `email`, `contact_number`, `password`, `id_proof`, `account_status`, `verification_status`, `remarks`, `profile_photo`, `otp`, `otp_expiration`, `client_role_id`, `client_org_id`, `created_at`) VALUES (11, 'client1', 'Client0', NULL, 'client0', 'client1@gmail.com', '', '$2b$12$oeHtDGeAHSXMxUHyVIIXA.6PWDGd6kvbWev6jIbCFsvPqvx51qSPO', 'data:image/jpeg;base64,/9j/4AAQSkZJRgABAQAAAQABAAD/2wCEAAkGBxAQDw8PDxAQDw8PDw8PDw8PDw8PDw8QFREWFhUVFRUYHSggGBolGxUVITEhJSkrLi4uFx8zODMtNygtLisBCgoKDg0OGhAQFy0dHx0rKy0tLS0tLS0tLS0tLS0tLS0tLS0tLS0tLS0tLS0tLS0tLS0tLS0tLS0tLS0tLS0tLf/AABEIArQBuwMBEQACEQEDEQH/xAAcAAEAAgMBAQEAAAAAAAAAAAAAAQMCBAUGBwj/xABXEAABAwMBAgUNCwoEBAUFAQABAAIDBBESBSExBhMiQVEHFBUyYXFyc4GxsrPSIzM0NVJTdJGTlKEWJEJUYpKiwdHhJXWE8GSCtPE2Q4WjwggmZYOkY//EABoBAQEBAQEBAQAAAAAAAAAAAAABAgMEBQb/xAA1EQEAAgECBQIGAQIGAwADAAAAAQIRAzEEEhMhQTIzFCJRYXGBUgUjJDRCcrHRgpHBFUOh/9oADAMBAAIRAxEAPwDwa/YPzwgICKKZEJkLpmDuJmDuJmDuXTMHcTMHcTMHcTMHcumYO5dMwdy6Zg7l0zB3LpmDuXTMHcumYO4mYO4mYO4mYO4mYO5dMwdy6Zg7l0zB3EzB3EzB3EzB3EzB3EzB3EzB3EzB3EzB3EzB3EzB3EzB3EzB3LpmDuJmDuJmDuJmDuXTMHcumYO4mYO4mYO4mYO4mYO4mYO6UyIVEoCIICAgKTIyijLnBrQXOcbNa0XJPQAlpiI7rEZbzqOKLZO8uk54YC0lp6HyG4B7guufNadoaxEbseyDR2lPAB0va6Z31uNvwV5PucyOyjvmqb7rB7KdP7nN9jso75qm+6weynT+5zfZPZR3zVL91g9lOn9zmR2Ud81S/dYPZTp/c5jso75qm+6weynT+5zfY7KO+apvusHsp0/uc32Oyjvmqb7rB7KdP7nN9jso75qm+6weyr0/uc32Oyjvmqb7rB7KnT+5zfY7KO+apvusHsp0/uc32Oyjvmqb7rB7KdP7nN9jso75qm+6weynT+5zfY7KO+apfusHsp0/ucx2Ud81TfdYPZTp/c5vsdlHfNU33WD2U6f3Ob7HZR3zVN91g9lOn9zm+x2Ud81S/dYPZTp/c5jso75ql+6weynT+5zJ7KO+apfusHsp0/ucyOyjvmqb7rB7KdP7nN9jso75qm+6weynT+5zfY7KO+apfusHsp0/uc32OyjvmqX7rB7KdP7nMnso75ql+6QeynT+5zI7KO+apfusHsp0/ucyeyjvmqX7pB7KdP7nMjso75ql+6weynT+5zJ7KO+apfukHsp0/ucyOyjvmqX7pB7KdP7nMdlHfNUv3WD2U6f3OY7KO+apfusHsp0/ucyeyjvmqX7pB7KdP7nMdlHfNUv3SD2U6f3OY7KO+apfukHsp0/ucyOyjvmqb7rB7KdP7nN9k9lHfNUv3SD2U6f3OY7KO+apfukHsp0/ucx2Ud81S/dIPZTp/c5kdlHfNU33WD2U6f3Ob7HZR3zVN91g9lOn9zm+x2Ud81S/dYPZTp/c5jso75ql+6QeynT+5zHZR3zVL91g9lOn9zmT2Ud81S/dIPZTp/c5jso75qm+6weynT+5zHZK/bU9M4dyLiz9bCE5Puc32ZCOnl7Uup3ncJCZICejO2TR37pM2qdpatXSvidjI3E2uNxa5vMWkbCO6Fa3iUmuFK2yICAgyijc5wa0FznENa0bySbABSZ5YzKxGXQqJxAHQwuBkIxnnbz9McZ5mjcSN/eXKK83eW9nMXWI8MTIqJQEBAQEBAQEBAQEBAQEBAQEBAQEBAQEBAQEBAQEBAQEBAQEBAQEBAQEBAQEBAVBRG7RVgDeJmBdCTcW7aFx/TZ/Mbiudq9+zcT9VNbSmJ+JIcCA5jx2r2HtXDuH8No5la25kmFC2yhBKK6FCeKhfP8ApuJghPO27byPHdALQPCXK3e0Q3HaMueuuGJkRBAQEBAQEBAQEBAQEBAQEBAQEBAQEBAQEBAQEBAQEBAQEBAQEBAQEBAQEBAQEBAQEBB0IDxtO+M7XwAyxdPFX90Z5Njh3nLjaOW2fq6R3hz12cxAUWG9qZxZTRjc2Brz4Uji8n6iFinlqzRXRkRBAQEBAQEBAQEBAQEBAQEBAQEBAQEBAQEBAQEBAQEBAQEBAQEBAQEBAQEBAQEBAQEBBu6LIG1EN+1c8Md3Wv5DvwcVjVjMNUlqSRlpc072uLT3wbf1WonMQSxWmBZlpu6v20X0Wl9S1Y0/LVmkujIiCAgICAgICAgICAgICAgICAgICAgICAgICAgICAgICAgICAgICAgICAgICAgICAgICC2k98j8Yz0gs32la7rNV+EVHj5vTKlPTC23lrLaYFJ2PLd1ft4votJ6hqxp7S1ZpLoyIggICAgICAgICAgICCEEoCAgICAgICAgICAgICAgICAgICAiiAiCAgICAgICAgICAgICKtpPfI/GM9ILF/SsbrNV+E1Hj5vTcrT0wW3lrLYLM7J5bur9vF9FpPUNWNPaWrNJdGREEBQEBAQEBAQEEEosPa651PaiKCOqpr1ET4myPYB7tGS0E7B2w2ndtXg0+Pra00t2em/D2iuYeMI3g+Uc4Xv5omMw889pe56nPAhmoCSeoLhAxwY1jCWmR3Pc8wGxfO47i50pitd3q4bh+eMy6PVA6nsNLTmqpC8NjI42N7i/knZkCdo22XLg+Ote/Jby3xHDRSOaHzRfW7w8Db0vTZ6qQRU8bpXkjY0Eho6XHc0d0rnqatKVmbS6U05t2iHoOFfAx2nU0EksgfNNIWuaztGANva/Oe6vPw/F9a8xG0OuroTp17vKL2vMICAgKAqCAgICAgICAgICAgICAgICAgICAgKAqCAgICKtpPfI/GM9ILF/SsbrNV+E1Hj5vTKU9MFt5ay2Ck7J5bur9vF9FpPUNWNPy1ZpLbIiCAgICAgICAgJ38DOKB0jgxjXPe64DWgucfIFm9orHdqsTO0Pv/AnhLTVUEcLHYzwxtZJDIMZAWixsDvGxfm+I0LVtNvEvr6GrW0cs7tXhf1PqatykjAp6n5bGjB5/baN/f3rfD8ZfT37wzrcPF+8bvOcEdUfohko9SY6OKR+cVQwF8ZNtu0dOxeniaRxXz0nv9HLStOj8ttmPVE4fU1RSupKNxl40tEkmLmtay97C+8kgK8JwdqW579sJr8RW0ctXF4I9TioqsZam9NTmxANuNkHcHMO6V34jj6U+WveXLR4W1pzL6/pGj01FFhBGyJgF3O53W3l7jv8q+Nqal9We85fRrStI7PmHVZ16GrZEynykZBK7jJ2tPE5FtsQ/cSvqf0/StpzM28vFxd+fZ82X2HzxQEBAQEBAQFQQFAQEBAQEBAQEBAQEBAQEBAQEBAQEBFW0nvkfjGekFm/plY3W6r8JqPHzesKU9MfgtvLVWoQSdjy3dX7eL6LS+pasU8tWaS2yIggICAgICAgIJba4uLi4uAbEhSc+Fh9s6m1fpJYI6RohqbDjGTG87jzkOPbDvL8/wAZTWiZ5u8PqcNbTmOzs8I+BlNWHjRenqm7WVMJxeHc1+YrlpcVenyz3j6OupoVt3jdyKfhDW6a4Q6qwy09wGahC04gc3Ggbu+uttHT1vm0u0/RiNW1O1oevvT1kP8A5dRA8X5nscF5Pn05+ku3yakfVpUPBSggdxkVLEx4Nw7G5B7l72W7cTq3jE2ZjRpHhRr3C6mpnCFt6mqdsZSwWfKT+1bY0d9XT0LW7z2gtq1jtDnRaDV15EmqP4uC4LdPhcQzucc8bXd7cuk6tNPtpx3+rMadr+p360UlNTFsvExUzW4lrw0R49FudcKzqWtmJzLdopWO74DwtnoX1BOnxvji23LjyHHZtY07WhfouFrqRT55fK1bV5vlcVelwkQEBAQEBAVBQEBAQEBAQEBAQFQUBAQEBAQEBAQEBARVtJ75H4xnpBZvtKxut1X4TUePm9YUr6Y/BbeWqtQgp4PLd1ft4votL6lqzTy1ZpLbIiCAgICAgICAgIJa8ggtJa4bQWkgg9II3KWjPaYajttL6FwS6p80GMVaDPELASj35g/a+UPxXzOJ/p0T3p2l7NHipjtZ9XoNQpq2HOJzJ4nizhscNvM5p8xXyL0vpW79nvret47d3z7hvwUloWvrtLklgYOVPBE9zWj9prRst0hfQ4XXrqTyasZeTW0pr81Ozx+l6vquoTR0jKyocZDtIeWBrB2ziW2NgPOvbqaWjo1m01h5qX1NScZfZeDXBimoI7RtylI91qH2Msh5yXcw7i+Jq69tSceH0tPTikOJwt6o1NSZRU9qmoGyzT7lGf2nDf3gvRw/BX1JzPaHLV4qte0bvj+u6/U1snGVMhf8lguI2eC3mX2tHh6aUdofNvq3vOZcxd+7nnKFJmDCVYMIunMvKJkEBM4MFwmYTAiiAgICAgICCUEICBdTIFXKYEzBhKAgICAgICAgICKtpPfI/GM9ILN9pWN1mq/CKjx83puSvpj8Ft5ay0CnhPLd1ft4votL6lqzTy1ZpLbIiCAiiAgIggICAgKj3/U94BMrojU1LnCLIsjjYcS8g2JJ5hdfL4zjbaduSHt4fhov3lv8J+D8mhujr9PlkEXGMZNC92V78xPODa3SFx0daOJzTU3dNTT6M81dn1GjqGVNOyQC8c8QdY9DhtH4r5lqzp3x9HtieauXhOpZobYKnUn7C6KoNMzuMHK/mPqXu43W5q1j7PLw1MWsq6qGszvqKfS6V5Y6cAylpxLsjZrb9FgStcFo0ik6t04m8zMUq2IupLRiHF0kxmx99DgGh3cZuss//kb57bL8HXD5PrmlvpKmamkN3RPLbjc5u8O8osvs6Or1acz599PlnDTijL3NaN7nNaO+TYLd7csZ+zFe8xD3HCDVzpcwoaKKFohZGZ5ZImyyTylt3XLtzd2wL5+hpTrV57zu9epfp/LEOVOKfUq+kZTxGndUFjKloAEYk/SdGL7BYFdY59DStzTnGzE8upeMN7U+Fxpp309HBTMpKd7oeLfCx7psDi4vcdtzZc9PhZvTmtacy1bW5bcsRsun02AalpNRDGGQV5in4k7Wsdez2i/NtWa6lulesz3q1yRF6z9Tqj6Q19bBJTNDW1juIxaLATxycW4W+o+ROD15jTnm8Lr6fzxjy2eqTSwRwaYyBrQ2N00BcGgF5iLWEk8+1pWOEva1rzMmvWIrXDp8Jq+uir3wUunxTU44oN/Mg4PBa3IZ2tzlc9KNOdPN7d/y6X5ot2hwtQ4Pwv10U0TWshHFz1DAbtiDW5yt7g2AeVd6a9o4bOe+zlOnE6uIa/DpsNTHT6lTMayKV0tPK1lg1r43HA+Vv8lvg72iZ07T3TXpE/NDs0GkU9Xo1FTkNZVy9cyUslgC+WN5vGTz3aT9S899e9NebePLpXTrbSiPLzklPhoxLmBkzdTLCSOW0iLaL99emtubXiM9phxmvLpY85dV2kjWIqappwyKoY5tPXtFmtay2ye3RYLl1rcPaaz3zs3yRqxEx+3B4X6hDJKyCla1tLSN4mNwAymI2Okcd5udy9fDUvEc1957uOtaJnFdodXqXNi64qnTsbJHHRSPc0tDtgcL2vz2XHj7TFa4nHd04WImZy29J0BtNrMLRaWlnimmpnkXa6J0TiB327lztrzbQ+8btV0san2ef4Gac2eujEluIhL6icntRFGC7b3yAF34nU5dLtPdy0ac18t7h1HHM2l1KBjWRVbCx7GjYyaMkEeUeZY4S9omdO094b165xaPL0Ffp8UvB+ma1jRUMphVtIbynsZIGyDpPJfdeWNW1eJnM9su1qROj98NfgnQRM0iskkY101TT1MsZIBLIohiCO+4rpxGrM8RWIntDOlWIpMz5Z8F2VQ0dj6GmjqJzWytfnFG8iPEfKI57Ka01jXxecRg04np9oy4XDGbUeLibXUsVM0vJYWRRRlzgNou0npXp4aNLM8lplx1ZvjvDyq9rziAgICAgICAiCC2k98j8Yz0gs32lY3War8IqPHzem5K+mPwtt5ay0QhTwnlv6v28X0Wl9S1Zp5as0VtgQEUQFQQFARBVUICglJH0/qY8Nqamp+s6p3FYPc6OQglhDiSQeggr5HH8La1+er38Nr1pGJV9U/hpT1UDaSldxoMjZJJQLMGN7NF952pwPB3pbnucTr1tXlh9A4AH/C6LxDfOV8/ives9ehOdOGlwG9/1f8AzB3q2rfE+mn4Z0N7Pn/VFrzTa42doyMLad4F94ANwvpcHp9Thpq8fEW5dbP0e/i6o+mmHjTNi61zEWu4y/RZfNngtWLYw9fxWnh8W4T6v17WT1OOIkdyGneGDY2/dsvvaGn0qRV8zWvz2y5kby0hw2FpDgegg3H4hdZjMYliJxMT9HuNZo6fVJG1sVZT00kkbBUw1LixzJGixc3Zygvn6Vr6ETSazMeHrtFdX5s4c2vr6Wkq6N1CBJ1ngZphcCpkB5RAPNa48q3Wmpqadufzs5zetbRjw3NR0Kkqpn1VPqFNDBM4yvjnc5k8JcbuGNtu07FmmveleW1JmYatStp5olNRrlO7UtMZC61HQcTCyV/JyAN3PN9wJWY0bdG8zvZZ1KzePs6tDr9JeudLIwuo6yetoOUDxrntc3FvTyiCuM6F/lxG8Yl06tcTP0ef17UWS6fpbeMa+WN9Q6docC5hdIDd3Rfau+lpTW9+3Zy1Lxate7a4c8KZ3V04payXrciPDiZSGe9tysR3VeE4avJm9e6a2tPN2lRwY1ZlHSVtZnG+tlc2mhjlIkdgSHSSPad4P8k4jSnUvWm1WtK8VrNp7zLc0/hG2tpayiq+taYOjEtM6OJsDBMw3sbc5AAWL8POlet9PMldWL1mtuzQ1HUmjTNJEMoFRTy1D3Na7lxOzu0lbppTbVtzR2lm2pEUjG8Onws12mqtLifGWMqZapstVCCL8YI8XPA6DYLnw2hemvjxDerqVmn3cbgfWshj1QOkEZk0yojju7EvkNsWt7u+y7cVSb3pMR2y56FuWJecXu8PO9PwFrooXV3GvbHxlBNGzM2ye61gO6vFxlJtFceJejh7RXOXY6nfCOBrRTVrg3rcSS0czyAGFzCx0d+g5XAXDi+HtExannd10NWMYs5ugatHQ0FVPG6GSrqpmwMieBJjA0kvL2X3G5W9TRnV1K1naIYpqRSszG8tmLhC2uoKylqutoHxtFRS8XG2BjpG9s2w3uKnQnS1Ymnnc6sWpMS2aPXoIxoQMjHMZTVNPWNyB4tkpYCH/VfyLFtG1upOPPZ0jViOWGT9WpmzV8EczOt4NLNHSuLhaVwF3Y9JLifqSNG/JWcd85knUrzTHhq6Rxc2jx0wroKSZlbLK4SzOjJYWgfo7VdSJrr8015owzSY6eM4cTXNKMUbXnUKes5WIZFNJK9txvs7mXq0NWJnHJhx1Kzj1ZcNepxEBAVBAQEBAQEFtL75H4xnpBYv6ZWN1mq/CKjx83rClPTH4Lby1lpUJ4Z8t/V+3i+i0vqWrFPLVmitsioKAqCAghAQSgIIQSoIQhKTnB2fovqf/FdF4lvnK/McX71n2eH9uGlwG+Eav/mDvVtWuJ9NPwzob2/L5p1XPjWTxUPolfX/AKdno5h4uK9bxi9/d5pwKIhAUmBKsxiexmQp+TYSe5Aqgp4BFx5QgIJumAVBTGIwbifYFQT8gp4BUE+whMd1EQUwJVBAQEBAQEBAQEFlL75H4bPSCxf0rG63VfhFR4+b1hVp6Y/BbeWstKKTszG7e1ft4votL6lqxp+WreGiujIgICAgJkFAQEBXIICAgIr9CcDK2KHSKOSV7Y2NgBLnuDRvPSvzPEUtbXtER5fX0bRGlEy43U/1+lfU6ixszMp6x0sIcQ0yMwaLtvv3LtxWheK1nG0Oehq1m0x9ZeG6rfxrJ4qHzFfR/p2ei8vFY6jxq97yiAgICAgICAgICAgICAgICAgICAgICAgICAgKAgICAgICospffI/DZ6QWL7SsbrdV+EVHj5vWFKemPwW3lrLaoUZjdvav28X0Wl9S1Yp5as0ltkQEBAQEBAQEBAQEBAQbNTqE0rI4pJHujibjHGTyGgdzce+sRp1ieaI7tc9sYy1muIIIJBG4gkEd48y1MRMYlInC+urpZ3B8z3SPDWsydtdi3dc86lKVpGKxgm0zOZULSCAgICAgICAgICAgKggKAgICAgICAgICAgICAgICAgICAgtpPfI/GM9ILN/SsbrNV+E1Hj5vWFKemC28tZbVCjPlvav28X0Wl9S1Yp5as0ltkQEBAQEBAQEBAQEBAVwCYBQEBAQEBAQEBAQEBAQEBAQEBAQEBAQEBUFAQQgICAgICAglAQEFlL75H4xnpBZv6Vrut1X4RUePm9YUp6YW28tW62gVnwkbt7V+3i+i0vqWrNGreGktsiAgIIQLoJQQgIJQEBAQdSj4N1szGyxU0j43bWuGNjt764W4nSrOJs610bzGYhd+SOo/qkv8P9Vn4vR/k10NT6H5I6j+qS/w/wBVfi9H+R0NT6H5I6j+qS/w/wBU+L0f5HQ1PofkjqP6pL/D/VPi9H+R0NT6H5I6j+qS/wAH9U+L0f5HQ1PofkjqP6pL/B/VPi9H+R0NT6H5I6j+qS/w/wBU+L0f5HQ1PofkjqP6pL/D/VPi9H+R8PqfQ/JDUf1SX+H+qfF6P8j4fU+h+SOo/qkv8H9U+L0f5HQ1PofkhqP6pL/B/VPi9H+R8PqfQ/JHUf1SX+D+qfF6P8j4fU+h+SGo/qkv8H9U+L0f5J8PqfQ/JHUf1SX+H+qfF6P8l6Gp9D8kdR/VJf4f6p8Xo/yPh9T6H5Iaj+qS/wAP9U+L0f5Hw+p9D8kdR/VJf4P6p8Xo/wAj4fU+ifyQ1H9Ul/g/qnxej/I+H1Poj8kdR/VJf4P6p8Xo/wAj4fU+h+SGo/qkv8H9U+L0f5Hw+p9D8kdR/VJf4P6p8Xo/yPh9T6H5Iaj+qS/wf1T4vR/kfD6n0PyR1H9Ul/h/qp8Xo/yOhqfQ/JDUf1SX+H+qfF6P8joan0cqspZIXuilaWSM2OYd4uAdvkIXat4v3hxtWY3UrogoCAgIIuglAQEC6AgILaT3yPxjPSCzf0rG63VfhFR4+b1hSnphbby1FtErPgjdu6v20X0Wk9Q1Z0/K3aS2yICCCgICAgIAQTdAuglAQfbeAPxbS+A70yvzfG+7P5fZ4f0Q9CvLLuKAgICAgICAgICAgICAgICAgICAgICAg+H8PvjOr8KP1TF+l4L2ofG4j3JcBepwEBBCCUBAQEEICCUBBbSe+R+MZ6QWb+lY3W6r8IqPHzesclPTC23lqLaJWfCRu3tX7aL6LSeoas6e0tXaK2yICCEBAQEBAQEEoCAg+3cAfi2l8B3plfmuN96X2eG9EPQryu4gICAgICAgIIc4AEncASefYN6CiirYpm5wyMlb8pjg4fhz9xBsICAgICAgICAgICAgIPh/D74zq/Cj9UxfpeC9qHxuI9yXAXqcBAQEBAQEBAQEBAQW0nvkfjGekFi+0rG63VfhFR4+b1hVp6YW28tRaRKk7J5b2r9vF9FpPUMWKeWrNFbZEBUEBQEBAQEBAQFQQfbuAPxbS+A70yvzXG+9L7PDeiHoV5XcQEBAQEBAQU1dVHCwySvZGxvbPe4NaPKUHgOE/VUoo43so5zJO3axzYS+EuH6Jva4PSNyD5LrPC181T13TsNDO4e7mmleGzO5nFvMfrQHcPdVxx6+nt323+u10EwcPtVjN2103/MWvH8QKD1Gi9WWsjIFVFHUtuLub7jIB5LgnyIPqfBbhrRaiLQSWlG10EnJkHe5neRB6NAQEBAQEBAQEHw/h98Z1fhR+qYv0vBezD43Ee5LgL0uAgICAgICAgICAgKi2k98j8Yz0gsX2lY3W6r8IqPHzesKtPTC23lqrSCk7J5b2r9vF9FpPUMWNPy1ZorbIgICCEBAQEEoIQEEoIQfb+APxbS+C70yvzfG+9L7PDeiHoV5XcQEBAQEBBq6rXspqeaokvxcEbpHW32aNw7qD8ycLeFlTqUzpJ3EMBPFwtJEcbebZznuoOCghAQEBBbT1D43NfG4se05Ne02c09woPvPUr4fOrx1nVfCo2FzZQOTPG2179DxfbzHeg+jICAgICAgICD4fw++M6vwo/VMX6Tgvah8biPcl59epwSgICCEEoCAgICAgKi2k98j8Yz0gs22WN1uq/CKjx83rHKU9MLbeWqtoKTsnlvav28X0Wk9QxY0/LV2gtsiAgICAgICAgICAgIPt/AH4tpfAd6ZX5vjfel9nhvRD0K8ruICAgICAf8AfMg+J9VjqgsqGyadSG8Wdqia+yTE3wZ+zcbTz2QfKCghAQEBAQEHV4Pa5NQ1DKmncBIwObyhk1zXCxBH+9yD9BdTnhh2Up3Oe1rKiFwbK1p5Jv2rh3+hB61AQEBAQEBB8P4f/GdX4UfqmL9LwXsw+NxHuS8+vU4CAgICAgICAgICAgtpPfI/GM9ILN9pWN12rfCKjx83rCpT0x+FtvLUW0FJ2SN29rHbRfRaT1DFjT8tXaK2yICAgICAgICAgICAg+38APi2l8F3plfm+N96X2eG9EPQryu4gICAgIPGdVrXHUemScWcZKhwp2u5wHAlxHdsCg/N6CEBAQEBAQEBB9L6hFVjqM0fNJTOJHgOBHnQfeUBAQEBAQEHw/h/8Z1fhR+qYv0nBe1D43Ee5Lz69bgICAgICAgICAgICC2k98j8Yz0gs22lY3W6t8IqPHzesKlPTH4W28tVbQUnZPLe1ft4votJ6hixp+WrtFbZEBAQEBAQEBAQEBAQfb+APxbS+C70yvzfG+9L7PDeiHoV5XcQEBAQEHzfq705dpsT+aOqYT5WOb/NB8DQEBAQEBAQEBB9A6iHxsPo1R5gg/QhQEBAQEBAQfD+H/xnV+HH6pi/ScF7UPjcR7kvPr1uAoCAgICAgICAgICotpPfI/GM9ILFtpWu63VfhFR4+b1jkp6YW28tVbQUnZI3b2r9tF9FpPUMWKeWrtFbZEBAQEEICAiiAgIgglB9v4AfFlL4DvTcvzfG+9L7PDeiHoV5XcQEBAQEHierFTl+j1Fv0JIX+QP2+dB+cUBAQEBAQEBAQfSuoPDfUZX/ACKZ/wDE4BB96QEBAQEBAQfD+H/xnV+HH6pi/ScF7UPjcR7kvPr1uAoCAgICAgICAgICotpPfI/GM9ILFtpWu63VfhFR4+b1jkp6YW28tVbQU8J5b2sdvF9FpPUMWNNu7QW2BAVBAUBARRAVBQEBAQfcOAHxZS+A703L83xvvS+xw3oh6FeV3EBAQEBB5vqjwcZpNe3ogc/90h38kH5gKCEBAQEBAQEBB9b/APp/pvdq6X5McUY8rnE+YIPtKAgICAgICD4fw/8AjOr8OP1TF+k4L2ofG4j3JefXqcBAQEBAQEBAQEBAQW0vvkfjGekFm20rXdbqvwmo8fN6wpT0wtt5aq0iFPBG7e1jt4votJ6hizRqzRW2RAQEBQEBAQFQQEBAQfcOAHxZS+C703L83xvvS+xw3oh6FeV3EBAQEBB876r3C11FCKRsIk68hlDnvc4NY3tSABvdtQfACUEICAgICAgIJCD3/Ul4VS0tVHRsYx0VXOwSEg5jkkDEhB+hEBAQEBAQEHw/h/8AGlX4cfqmL9JwXtQ+NxHuS8+vU4IRREEBAQLoCAgIF0URFtL75H4xnpBZvtK13Xar8IqPHzesKU9MLbeWqtCFJ2Ty3tY7eL6LSeoYs0as0VtkQEBAQEBAQEBAQEBQfcOAHxZS+C703L85xvvS+xw3oh6FeV3EBAQEBB8y6vGn50MNQBtgnDXH9h7SPSsg+EICAgICAgICAg9b1KaUyaxRgC4Y58ju81jv52QfpdAQEBAQEBB8O4f/ABpV+Gz1TF+k4L2ofG4j3JefK9TiICAgICAgICAgICC2k98j8Yz0gs32la7wu1X4RUePm9Y5KemC28tRaBJ2Ty3tY7eL6LSeoYudPLVmiujIghAQEBAQEBARREEBQfceAHxZS+C70yvznG+9L7HD+iHoV5XcQEBAQEHB4d6d1zplZDa7jC5zfCYMh5kH5aKCEBAQEBAQEEhB9a6gujF0tTWuHJjaIIyRvc7a+3eFvrQfaUBAQEBAQEHw7qgfGdX4UfqmL9HwXtQ+PxHuS8+vU4CoICAgICAgICAgILaT3yPxjPSCzfaVrut1X4RUePm9Y5SvpgtvLVWhCTsnlv6x28X0Wk9Q1Yo1ZoLbIgKgoCKICAqCAgIggKK+48APiyl8F3puX5zjfdl9fh/RD0K8ruICAgICCHAEEHaCLEdIPMg/PfVS4Dt010c8Ly+CollAaRbiSAHBt+e93fuoPAlBCAgICAgIO1wT4OyajUtpYntY8sc/J98QGi53d9B+luDWiR0FLFSxdrG3lO53yHtnHvlB1EBAQEBAQEHw7qgfGlX4UfqmL9HwXtQ+PxHuS89depwLqhdAugIgiiAiCKICAgtpPfI/GM9ILN9pWu67VvhFR4+b1hUp6YW28tRaQSdjy39Y7eL6LSeoasU8tWaC2yICAgICAgICAgICIIr7jwA+LKXwXemV+c433Z/L6/D+iHoV5XcQEBAQEBB4/qraR11pU+IvJT41LNlzyDygP+UuQfmwoIQEBAQEBB9U6gmml1XU1RHJhgETSflyOB2d5rD+8g+4ICAgICAgICD4b1QPjSr8KP1TF+j4L2ofG4j3JefXqcRUEBAQEBBCCUBAQEFtJ75H4bPSCzfaVrvC7VvhFR4+b1hUp6YW28tRaQUnZPLe1jt4votJ6hixRuzRXRnIhkQyIZEMiGRDIgICAgIgivuPAD4spfAd6bl+c433Z/L6/D+iHoV5XcQEBAQEBBi9ocC0i4cCCOYgixCD8scMdENDXVFMe1Y8mM9MTtrD9WzyIOIgICAgIMmMLiAASSQABtJJ3AIP0z1N+DnY/T44ni00nu0/ce4Dk+QWCD1KAgICAgICAg+G8P8A40q/Cj9Sxfo+C9qHxuI9yXn16nEQEBAQEBAQEBAQEFtJ75H4xnpBYvtK13hbq3wio8fN6wpT0wtt5aq2iVJ2Ty3tY7eL6LSeoYsUas0F0ZEEKCUBUFAQQglAQEBAVV9w6n/xZS+A703L85xvuz+X1+H9EPRLyu4gICAgICAg+H9X6Joq6NwADnU7w422uAk2X+soPlaAgICAg9T1MI2u1ihDgHDjSbEXGyN5GzvgIP02gICAgICAgICD4b1QPjSr8KP1TF+j4L2ofH4j3JefXqcBAQEEICAgIJQEBAQW0nvkfjGekFi+0rXdbqvwio8fN6xyU9MLbeWqtoKTsnlvaz28X0Wk9Q1Yps1ZoLoyICAgICgICKlAQEBEFVfceAHxZS+A703L85xvuz+X1+H9EPQryu4gICAgICAg+Jf/AFAfCaHxEvrEHyhAQEBAQer6lnxzQ+Nd6p6D9MoCAgICAgICAg+GdUD40q/Dj9Sxfo+C9qHx+I9yXn16nAQEBAQEBAUBAVEoIQW0nvkfjGekFi+0rXddqvwio8fN6wpT0wtt5ai2ibLNtk8t7WBy4votJ6hilNmrNGy2yhAUEoCohAUBAVBRREEBB9y4AfFlL4DvTcvzvG+7L7HD+iHoV5XcQEBAQEBB4nqgdUGPSyyFkXH1Ejc8S7GNjL2BcRt27bAdCD4Vwp4SVGozmoqS3INDGMYCI42C5s0EnpQcZAQEBAQbmkajJSzxVEJxlheHsJ2i/dHRvQfXdI6sxlngimo2xskeyOSRkznFpcbZBpbuF910H1tAQEBAQEBAQfDeqAP8Uq/Dj9Uxfo+C9qHxuI9yXnl6XEVEoIUBAVBAQEBAQEF1J75H4xnpBYvtK13W6r8IqPHzesKV9MLbeWtZbQsszsnlvav28X0Wk9QxZo1ZorbKECyCEEooiIQEBAQEBDIoPuXAD4spfAd6bl+e433ZfY4f0Q9CvK7iAgICAgIPzX1Wq3jtYqze4iMcLdt7BjBf+IuQePQEBAQEBAQZRvxIcN4II74QfrrT5g+GF43Pijf9bQUGwgICAgICAg+HcP8A40q/Dj9UxfouC9qHxuI9yXnyF6nFBCCEBAQEBDIgKgoCAgupB7pH4xnpBZtstd1+q/CKjx83rHJTaC28tVaQsszseW9q45cX0Wk9QxSjVmhZbZEBAQEBAQQgIJQEEKIWRX3HgB8WUvgO9Y5fnuN92X2OG9EPQryu4gICAghzgBckADaSTYAIPFcJOqfp9GSxjzVTAkYQWcwEfKfuG3ouUH581asM8807hYzSPkI32yN7INRAQEBAQEBBIQfbOBHVWpRDBS1rXQOijZEJ2jOJwa0AF3O02A6UH1CjrIpmCSGRkrDtD43BzSO+EF6AgICAgIPh/D/40q/Cj9UxfouC9qHxuI9yXn16nAQRZBFkUQEBELIIRRAQZAIi6k98j8Yz0gs22lY3XasPzmo8fN6wpT0wtt5atlpErM7Hlvav28X0Wk9Q1ZotmjZbRjZAQEBAQEBAQEBAQEH2/gB8WUvgO9Ny/Pcb7svscN6IehXldxAQVVNQyJhkke2ONou573BrQO+UHzrhN1X6SDJlG01cm0Z8qOAHvkXd5NiD5Rwj4bV9eSJ53CM7oY+REPIN/lQedQe80DSA7ToZ4tPjrpX1E7JC+QsxY0Nx5x0n6kF1bwcof8RAeyBsLKN/GEvnFNI+/Gxtx7bbsQcSTgiY31HH1McVNTiFzqnB7w/jhePGNvKufwsg24OCsUcdeZpQ4xUsU9K9jXlsjJHcl4Hd7Wx5yg1ajgiWtkYKmN1XDB1xLSBjw5sdgXASdqXAEEhBocG9BdWulAfg2GMyvIjfK+17cmNu1x7yDf7BMZDX3khkbAaP84AkyY2SWxs3mNjtadqCZeCIMdPJBUtmNVNxUEZhfE6TbZzhke1HSgr13gm6mgdUMl45kcogm9xlh4t5BtbMDJpsRcIPMoOpomv1VE8PpZ3xG+0A3Y7vtOwoPqnBnqysOMeoRFh3GeEFzT3XM3jyIPqGl6pT1UYlppY5oz+lG69u+N4PcKDcQEBAQfD+H3xnV+FH6pi/RcH7UPjcR7kuBZelwTZAQQWoMbKggICAgBqDINUEqi2l98j8Yz0gsW2lY3W6r8JqPHzesKtPTBbeWsqJspKeW9q45UX0Wl9S1Zq1bw0VplBCKghURZAsgWQLIFkCyBZAsgWQLIPt3AD4tpfAd6bl+e433ZfY4b0Q9CvK7tXUdRhp2GSoljhYN7pHNaPJff5EHzLhR1Y4mZR6fFxzto4+YFsV+lrN7vLZB8o17hHV1z86qd8vQwm0bfBYNgQcolBCCQg6s+rl1HBSBpbxMs8uYceVxgaLW7mKCKHVeLpaqmwv1yYjne2GDid3Pe6DsHhYyQysqKcyU80dK10bZSx7ZIG4se19ue5Fu6gwdwra51S18FoJqSOkijZIWmFkRvGciOVt2lBnUcLoyJZm0obXTwdby1HGl0eJaGue2O2xxaAN6DlcHtUjpnvdJE6QPbi10croZ4SDfKN43HmQdev4YtmNTxlPdlR1k1wMpL3Mp5MuW63Kc4XBd3UE6jwuhfPHVQ0z4qiF0fE5T5QxsZswEYaLC3d57oNfhFwoZUwmGOKVmcglkdNVSVGNtzIwdjW3N+dB5dAQSCg3NM1SemkEtNK+GQfpRuLb98bj5UH1Dgx1ZJG2j1CLjBsHHwANfzbXM3Hn3fUg+p6JwgpK1mdLPHLsuWhw4xvhN3hB1EBB8R4ej/E6vwo/VMX6Hg/ah8XiPcs4Fl6XEsgWQLIBCDAtsqIVBBk1qgzsoBCZEWVFtL75H4xnpBYttKxuu1UfnFR4+b1hVr6YS+8tWy0QzsszseW7q45UX0Wl9S1Zo1bw0bLbJZBFkVBaiIsqFkCyBZAsgWQLIFlBIaivsvA+sjg0mnlme2KJjHFz3uDWjlnnX5/jPdl9jhvbh4vhX1YmNyj05nGHd1xKCGA9LGbz5V5Xd8m1jWqmrkMlTM+ZxNxk44t8Fu4eRBz0BAQZNPl7nSg9/R8FqN1XMX5NpHwUzqblbeMqQBGCeexy+pBxpdAY2npWvfHDUzzVeUk78ImRQnAA90uy+pBo12isiMV6ylka+QMcYZDKY2873NHMg2eGOmU9P1n1qXPZNStlMjgQZHFzhlY9ru3IKtI4MT1UTJYXRlnGOZKS63W9hllJ0NIB2oK+C+nRz6hT00nLikmwcWkjJu3aDzbkHVZwPmjjrpaiFzI4aeR8LuMYbPEjQ3YDfcUHP/JwYZ9fUHaZY9ccvde1rb0FtNplKdNqajjHSVUZpziGlrIGvlLbEntnGyDQ0OiEzpwWB/F0lTMLuxxMcZcHd22+3Og6J4Hy8UJBLTl7qYVbacPPHOgLci4C1vJ3EHmighAQTdBfSVckLhJFI+J43OjcWOHlCD6RwZ6sNTDjHWsFTHu41tmTAdJ5nIPrfBvhPSagwvpZQ8jt4yMZWd9p2+Xcg+WcPPjOq8JnqmL9DwftQ+NxPuS4Fl6XAsgWQTZAsgWQYOYrlEtj6VMjOyAgWQMUGdMPdI/GM9ILN9pajddqo/OKjx83rCrX0wW3lq2WkWWWJ2PLc1YcqL6LS+pas0at4aVltksgWRTFBBYmUY2VCyBZAsgEIIDVBkAgmyhl53hHqc0jxBJI50UADYo72YwEXOwbztO1fA4v3ZfZ4b24cZeZ3EBAQLICD0tVwoL6KjpmsLZaaRr3S3FntjLjELdzIoJ4QcLZJ6tlVTgwcXEI2NIY+xNy82II2kkoOXqmvVNU1rJ5eMa05NGEbbG1r8kDmQWa5qjahlG1rS3ralZTuJIORaSbjubUHR0DhHDSQGHiDIKlzm1xc4DjILENZH8ki979KDnaFqLKWtiqQ1zo4ZC8NNg8t2gDovYoJoNVbH17dpPXUMkTbW5BdI1wJ+qyCw8La7Di+P5GOFuKh7W1rXxug1qHUWx0tXAWkuqet8XAizeLeXG/fQZaFqLad05c0u46kqaYWIFnSxlocb8wug6UXCNjZo5OLeQzTW0NrtuXCLDLvX22QeZQEBAQEBBtadXy08jZoHujlYbte02I/qO4g9pNqr613XUoaJJg0vx3FzQGX7l8br9Bwc/2ofG4r3JYWXpcE4oFkCyBZBNkDFETZAxQRigWRCyC2mb7pH4bPSCzbaVie6zU2/nFR4+b0yrX0wW3lRirkZYrM7L5bmrN5UX0al9S1Zo1ZpYrbJZFA1BOKBiggsRFZaqIsgWQZBigysgFqCLIOBqWjyySve3Gxta5tzL5Wvwl73m0eX0tHiKVpES1vyfn/Y/e/suPwOo6/FaZ+T837H739k+B1T4rTPyfm/Y/e/snwOqfFaZ+T837H739k+B1T4rTPyfm/Y/e/snwOqfF6Z+T837H739k+B1T4vTOwE/7H739k+B1T4vTOwE37H739k+B1T4vTPyfm/Y/e/snwOqfF6Z2Am/Y/e/snwOqfF6aDoM/7H739k+B1E+L0zsFN+x+9/ZPgdQ+L0zsFN+x+9/ZPgdQ+M0kdgZv2P3v7J8DqHxmknsFN+x+9/ZPgdU+L0kjQZ/2P3v7J8Dqr8XpHYCf9j97+yfA6p8XpHYCb9j97+yfA6p8XpH5Pzfsfvf2T4HVPi9I/J+b9j97+yfA6p8Xpn5Pzfsfvf2T4LVPi9NP5PT/ALH739k+B1T4rTPydn/Y/e/snwOqfFaZ+Ts/7H739k+B1D4rTeh02lMcLGOtk297G42uK+rw9J06RD5+vaLXmYXli7OEllULKCbIGKBZBNkCyCbIFkQxQLIi2lHukfhs9ILNtpajddqTfzifx83plKz8sE7y18VWk2UnZPLc1VvKj+jU3qWrNJas0sVtlIYmVMUyGKZDFMiMUEFiZFZjVyzhk2NMqyxUypigYoILEyIxVQxQMUUxQMUDFAxUE4JkQWq5DFAxRDFBg5lkRFkZMUGQYjScUDFAxQLIMg1DuyDFMtYZYplTFMgGpkMUyGKmSWLmKs4Y2VROKBigYoicVADUE4pkMUXKcUQwTKLqWPls8NnpBZtPaW6x3W6k33efx0vplK7QW3lr4rQzLFjwvls6o3lR/R6b1LVKNWaoYtZZTirkRioIwQMUEYq5DFQMUDFAxTIYqiMUUsiGCGGOKBiiGKs9lMVMgGoMgxTK4TgrM4DFDdiWJlJhGKqGKR91MVIlGLo0yzMJbGrnK4wFqgiyoWQLIZZtjUmYhqKrRGpn7tGCZgwjBMicUQxQMUE4opgmUYOjVyzMMMVWUhqBimROKgYoGKDLFADEyLWsUysQup2ctnht9ILM7N13TqTPd5vHS+mVaz2hm28tbFXKrixZz2ax3bWpt5Uf0em9S1ZpK2aeK2wYoIxRTFBGKIYoGKCMEUwQMURGKBigYoGCBggxLERXUHFj3DeGki4vuCza2KzLdK5tES53B2ufUMe59rtcAMRbZa68/Da1tSMy9HE6NaT2UalrLxLxFMwPkBsSRfb0AfzXLW4m0W5aOmlw9eXN1EmoV0ID5o2lnP2uzytOxZ62tSfmb6WlbtWXdpKpssXGs3EE26CBuK9ddTnpzQ8ltLlviXP4O6jJUcbnjyC0Cwtvvv8AqXLhta15nLrxGlWkRhGvajJA+JrMbP2G7b89ticRrWpaIjyvD6UWrMyu1+rfDCJGWvk0bRcWN1eI1rUpEwzoaVbXmJRoeodcR3NhI08sDd3D3lrhtfqV77s8RodO3bZRpuoySVM0LscI88bNsdjwN6zpa1rak18N62jWunFo3dnFet43J1aqmZLDFDgDKHduCRcLx6+rqRaK1nd7NDSpak2tGzF5rmDLGGQDaWtBB8ik216xmVjoW7RluadVtnjD27Dezmne1w3hejR1eeuXm19LknDUnrpHyuhp2gub28ju1aVxtrWtblo700a1rzXRM6rgHGPEc0Y2vxBDgOcrE31aRmW4po3nEOvTTtkiErNxaXDuG24r0Rq81OaHG2ny2xLjadU1s7OMYYA25HKa69wbdK8lNTWv3iYw9F6aNJxMOhSR1mY40wmP9IMBy8l120+rn5phi/Sx8uXRwXqy8uEYJkMUDBMicVAwTInBMphi6JXKTVUWK5YwYoJDUE4oGKIybHdRcLQxTLWGWCirKdnLZ4bfOFJ2Wu63UGe7TeNk9MpXaC28tUxK5F+Cnhry2NTZyo/o9P6pqzRbw0sFthGCBigjFAxQMFRGKBigYoIwQMEDBAwQMEDFBGKZMKayL3KQ/sP8xXPUtmsulK4vDhcBxeGXxg9FePgfTL1cX6oUcEmg1FQXdsL2vv2uN1jhO+pMy3xU4pGHotVYDBNlu4t9/q/7L26uOSeZ5NGZjUhw+B1zTz9Aebd/DavJwcz07Zericc8OVwfFV7r1qGna3PK3dtv8q8+j1czyOurGnOOdOtdc8ZD1yGg3GONt2QvuV1epzRzLp8nLPK7nDFv5qPGM8xXp4v24efhfXLisY6jfBOLmKZjcvKBkP5rz1zpTzeJd7Y1YmvmG1weIdXVJBuCJCD0gyCy68NbOraXLioxpRD1WK+m+a4mpt/PaL/9nmXh1veq92h7NnbDV7e2O7w9/Dh8Hme7VjW9qJTbovtXh0JxN4e7XjNaTK3gjGCydx2uM78unm/urw3eJnycTvEeMO8+MEEHdYg95eq8dpy4VnvEuBwUH5tMP0RLKG97FeTh5nkl6eI9UNLg8aziBxDISzN+15cHXvt3LnoTq8vy4dNWNPm+Z26Drwv93bCGWO1hcXX5t69OnbVz82HmvXTx8rqYLvlwwgxpkQWK5DBEMEE4KZDBMicEyIdFdXKTCl0dlcsTDHFXLLLFMjNkV1nLUQtDEy1hIaoqcUFlO3ls8JvnCzOyxutr2e7TeNk9Mq12gtvLXLElVuCnhfLa1FvKZ4iD1TVmrVmk6NayxhjgtZRGCZRGKBigjFAxQMUDBAwQRggYoIwQMUDBMmGNXScZHIy9i9jmg9BI3+ZYvGau2l8s93j6dmoU8clMIC8PJAf21r7CQbr52dWnyvfPTt82Xf4MaQ6ngtJske7JwG3HmAXq4fT6de/l5de/Ut22hytT0eogqDU0gyDiS5gsbE7xY7wuWppXpbmo601aXry2VVcmoVTeK4jimO2PO4Ed0k7libaurHLMNRGlp94l6DTNMFPT8UOU7Fxcbds4herT0+TTw819Tm1M+HL4H6dLDx/GsLMizG9ttsrrnwtLVmcunFXi0Rg4VadLLJTmKNzw08oi2zlBTiaWtaMHD3rWs5bXCuiklpwyNhe7NpsN9gDda4mtrUiE4e1a3mZWyaVx1GyF4s4RtAvva8Batp82nysxqcuplxuCekTxTvMsZa0xlocbWJyG76lw4bTtS85duJvW9Iw9U+Ky+jEvnTDg65BKKimmiidKIg8kAgb9gXi4iJ5+aIe3h7VjTmtrMnVlc8FrKMsJ2B7pG2b3eZWdXVtHLhK6OlE83Nl09C0rreLFxyke7OR3MXH+i6aVeWO6a2pzS0JqGelmfNTM46KU5Swg4ua7pauU1tpWzTvEukWreMXKmsq52mKGmfDkC10spAxB32spa99SOXGCNPTpPNnLp6fpoggELNtmm5+U4g3K7VpFdOa4y5WvzX5pcHRpKymiEXWT38pzssmjf3F5tO2pTtFXo1KUvOcupSajVOe1r6J8bXEBzy8ENHTay7V1b5xNXG2lXGYs7OC9DgYIGCCDGrlMIwTKYAxBIYgYIJwTIGO6ZTCh8JCuXO1WTIelJkiFoYplsxTInFMicEFkDOWzwm+cKTssbra5vu03jZPTKldoLby1y1JVdgpns22dQbymeJg9U1ZqtmrgtMsXRhXKYYFiuUwjFERgmVMEyhgmQxTIjBMhgqGCCMEDBTICO6ZXC1sdlM5a5ZTgmVmE4JIjBBBjTJMMXMVzDOJRgkyYkwTIYJlE4JkwkMTK4ZCNZy1g4tXJysOt9vc6O6rzdmeXusEay12TirOwYKTMH5MVeyxkwTKJwTJ3OLUyYMEyuDBMmE4JkwYJlJhBjTKTCMFUMEDBBOCCQxRDi0yIMauUwjFETggYIJDEFsDeUzwm+dSdljdZWt91l8ZJ6RUrtC23a5aqi/BZ8OsNmvbymeJh9W1Sq2a2CrKMFRBjTJhU6KyuWZhGCqIxUDFAxQMFQxQRigYpkSWWFzsABN/JdSbYhqlMy4GialK6cGU+4VQkdTCw5ODjYeVu1eWmpPN3eu2nHL23h1dS1aGnc1kmWTwSxrGOeXWIBtYd1dbasROHOunNoyVGrRM4sEPc+VmbY2RudJj0lo3BJ1fBGlnu0dW1hvWnXEDy0CaJjiW2c3lgPa4EbDZYtq/LmG6aXzYlu0erxSycU0SNeWl7BJG6PNo3lt963XV74li+l5hq1OocXFWyNe6V0MjmtaY9kbsRZuze3be6x1cRMx4a6WZiJbEWqRimZPLk0ENabscHueeZrd57i11YiMyzOlMziE0WoxyvMYzbI0BxZIwscWn9IA7x3luurzdpc7aU1js15tdgY5wOZax2L5GxudGw91wU60fpehOPurqdVxrIYAHFj4i4lsbnXcSMSD8m288yz1fnw3GjHJl0qWoZI6VrSSYX4SbLWNr7OlbjUidnPpzG/lS/WKdsEdQXERSENa7E3ub22eRZnVjGW40ZzhPZiERCU5ta5+DWujeJHv6Gstcp1YxlelOcLKDUo5nujAeyRgBdHIxzHYk7xfeFK6sTOC2lMRlVwcnfLT5yEudxszbkAbGvIA2d5NO2YNWsRKjXXy8fRwxSuhEz5Q5zWsceSy47YdxY1JmZiIlvSiOWZmMqas1FGY5XzmogdIyOUPjYx7A82Dmlu/vKTzUxmezWK3jtGJdOu1GOFzY3B7pHAkRxsc92I3nZuHfXWdTxDjGlM90xanC6F04daOPLMlpa5hbvBadt+4nUjGSdOYnCuj1eKWQRASMe5pexskbmZtG8i+9SNTM4J05jummqmAVL3ylzIpXhxc3ERAAckdI7qRftMrNNoUR8IIC6NhErDK4Njzie0PvzgnmU60E6MrarWoY5HxESPkZiXMjie82IvfZzKzrRnCRpTMZXx6lAYOucxxNiciCCLGxFt978yvUjGTpznCuj1eKV7Y7SMe8FzBLG6PNo5233pGrmcSttOcMOzkHHGnGZla8McGxuIaTa1zuA2qdWM4OlOMurxa6Zc8IMaZTDAsVymDFMphOKZMGKiYTimVTimUwxMfQrlJhGCuUSGpkMFMiyBnKb4TfOpOyxHdZWN91k8ZJ6ZSs9oLbqC1UbOH8liZdYbFczlM8TD6tqlZWzWwVRGCuQwTJhGCZMK3RK5YmGGCrJggjBMhgmQwQMEyYWMgWZluKuZwoLhT8VGDnUObALC9g48onosFy1ZnGHo0ojLl6roE0VOx8dRJKaTGWGMsYByN4FhfcCuNtOYrl1rqRNsN0nja2ilDTi6lmcCQRiThsPQd63nmvEz9GMctJj7sZ5BTV8k0wLYpqeNjJQ1zmtcxxJabA2ve6T2vmSIzTlhrarJx9I57YSxrqyHHkkOlaJW3eW2uLqXtzR2jy1SvLPefDpalEevKEgXA64ubGwGI51uYxeGKz8kue2me6HV2hpydLLgLbXe4t3LOO0tzMZq19SHHU1DMwyiOCRvGujYeNj5GOQaRzFYtmYha4i0wu0qNktW17Jaio4uF4M0gDY25Ecna0XPOlcTbO5ftXCnTqxtNTSU8rHuna+YcTxbjx+TyWkbLEEELVJiImrN680xMS26k8XW0b5GOY11PJHYNLmse5zbNuBsWpt80Thmtfknuwp6xtLUV7ZWvBllEkIbG93GgsA5JA33WItMWl0msTENSKlcdO05pY64qYcm2Nx7o69wpj5awkz89pdbhRO+PrfE8Wx0pEk4i410IsSCNmy52XW9WcYwzpxEzOWjoW2vLg+aZpp7NmmYWh5DhfHYBZYpM82W745XR4IxEUtnAg8dPsII/8AMK7aUYhy1cZUcJHiOq0+Rwdgx8xcWtc+147DYO6VjUmItEy1pxmswq1Wq694ump2SOaZYnzSujeyOONj8jtcNpOzYs3tz9o+q0ryZmfop1WAx175JJpoIpYWNZNE3Joc0m7XGxtvWbRi2ZapMTXBRU7DSVz+KqZ45XXPGWbJOAAC9gAFv7K1ivLMkzPPHdGkzOFTAyCaSphLXZtmiOVM0DZyyBtvYWVpOLdi8fLOWU9FJJTaixjC53XZe1ljeRrSxxA6bgFOWcSnNHNEfZjquqRzyae2NklxVRFxdG9gjOJGBJG/uDoUteJx2K1mM93V0uA9kNQJabFtIASDY8l97Hn5luIza0szPy1cSWgkfp0ga192Vsspa1vLMbZySWi23ZtC54maft0zHP8ApdTCOappQyaqqix5kObQ2OGzTteS0beayVxM+ScxWdnU4PQkVGoEtIvUNsbEXHFjd0hdNOIzLlqbVw7mC7Z7uWOycFUwgxpkwwMSuUwYIynBADEE4KCcEEGJXKYYYJlEhiZGcLOU3wm+dJnsQsq2e6SeMk9IrNdid1DmLeUbQZ/JcpdoX1rNrfFQ+rCVWzXMaqIwQCxAwQRgmTDB8POrEszCvBayxiUYJkMEyAjTJETK5kKzMusVWCNMtGCk9yOxgrM5SIwBiioMaT3I7bGCeMHnJggYJkMEDi0jsSjBBPFoGCmIMyYqgWIAYgnBAxQjsYIBjv8A9kI7GCuTzkDOhSBRXUQmifEXOYHtxyYS17e6D03WbRlqJxOXPh0J5kikqKmSoEBvE0sawZWtm63bOssRp/WW51PpDs4LrDluYoAYoqcEROCuTBggYIHFpkwwMSRLEwjBXKGCCcEE4qBigOjVykwwMauWcMoW8pvhN86k7LCyqb7pJ4b/AEipXYndQ5q1lMNvBc5l3iF1Y3a3xcXoBSsrKjFayyjBMhimQxTIjBMhgmRg6K6ZSYVli1liYwNiumSIyvZDZZy6xXDPBFRggYIGCBggYIBYgjBAwQMEE4IIwQMEAgDabAdJ3KZMGKZhcSBotcWI6RuTMExIBfdbybU5oMFh0j6wnMYTiqhggYIJwQMUE4KBggYIJwTIYJkMEVOCBggnBMhgmQLEymGLokyzysOLVymE4IhignFBOKgYKmEMis5vhDzpM9kx3ZzsvJJ4b/SKkT2Jj5mBiHQrlcLw1YdV1W3a3xcfoBSCVGK0yYoIxQMUEYoGKBimRBjvzK5OVmyKymWoqnBDBgpkMUyYMEyYMEyGCZDBMiOLTIYJkMEyGCZDBMmDBMhgg5VREx1VjNiWCG8TX2wLsjmbHYSNixnM4l0jbsoeyK0LGEmm497XXJwuASG3+RksTjwsZndjWRMY6obDYM60e6RrLYB/6JsNgJF1Z7ERMwt4mNr6XiQxr3OAeI7cqPAl2QG/bbeh37qdLpwbOLKYjjH8pzvdffHbbY7/ACqVLPQYLs5YMEyYMEyGCZE4JkwYIYAxMhxaZE4JkMEyGCZUwTInBMicFMgGJkTgmTBxaZMMXRK5SYV8WrljCcEyAapkwnBMmE4JkZRN5Q7486TPZYjuzqG8t/hu9IqRsTHdS5u1WJRcGqOi2pbtb4uP0ApCypwVZMEEYIGCoYIGCgCNMrhmGKZXBigYpkMUyAamQxTIYpkTimRGKZDFMhimQwTIgsTMr2MEQxVDBQVz0rHiz2NeBt5QBAPcunaV7p62Zjhg3G1scRjbvKdtpIyxjpGNaWtY1rXXu0NAB2c/SmIJmSGjjYbsjYwkWu1obcKREQszMsex8V78VHe974Nvfp76vLHkzK/BXLKcUyJwRTFEMT0JlcSYIhioJxQA1AxQMUAMTInFXK4TgoJwQMUDFDCcUyMHRJlJhWY1csTAGqoYqZROKZGUbeUO+POkysbs528t/hO85UjZZ3UvbtWmV4b/ACWcuq2obtb4EfoBSJWVOK1lDFAxQRigYJlMJEaZWIZhimWsGKgYoIwQMEMJwQwjFFwYoYMUTCcEMGKCMEMODwme9z6Slje6LrqVwkkjNniNjS5waeYnYLrFp8N1iN1WnRupq7rQSSyQTU5njbM90r43sfi8B7jcg5bikdpwT3jLy1XqBtVPkq6hmox1T44IGSOEOIf7m3ixyS0g7Sdq582Zbx4el110klTQUb5HQRzxzSTOicY3yPja20bXjaLkk7O4tzmcJjGZTpMroq2qoGSumaynZPEZnmV0byS0sc87SNx23IukT4SYz3c/WqCWlpeuX1dQ7US5uDWzSGGWVzgOLbDuLbG26/dSYx3K92xwvqrTUcL31ETXNlklFJlxriGgBoDQecn6kvOexWMZlu8HOKdDP1rUTySXLSKx7nPhlxNg5pALdu2yV2ktvGXJlYaaopImVk01c+VgqWPmc6J8bhd/IOxgHNYXU2ld+zY4QV7HVrqeaaaKCGCN/F0xkbPPK8m22PlYta3m+UkzmcERiMunwYlaKeR/XPHwte8sfITxsTBvZKXbbjbvWot2lm0OXp1fPNqcEji9lNNTVJghJLbsY5gEj27iXFxI6BbpWczzLiOVu6/QtzfPWVckFK1rWxMglkhIeb3c8t7Y9AVtE4ylZjOGWgRS1enRdcSyNe+546F4ZK5gecCSL2JaBdK94LRyy52m6a52olkNTVvgo7Gcy1BkD5jtEYFhsA2nyKRHdqZ7PZ4LrlyTihgxQwYoYA1DCcUMGKLhOKhgwQwYoYMUMJDUyYMUTCQ1BBjTKYVuistZYmrGyIYoM427R3x51JIZTN5bvCd51I2andS5u1bZXhqw2tqBtHgM9EKQsqi1VEYqhipkRimRkxiZaiGeKKYoGKBigBqBigYoGKBigYoGKBZAxTI4PCemkD6SqijdKaWYukjZbN0T24uxB3kbDZYvnOW6bYU6eyWprnVZikghipjTwmZuEj3vcHPOHM0WG/eneZyvaIw4tPBJFRT0ElBLJUudM0SNY10Uznu5Mplvs3327Vn7YV09ZoXNp6KOemNZFG3Gd8RcaiF4YA18diCRe4Nu4rMYwjDg7p5jmqaxtNJDEIBFTwv2zy2Je55BJN3GwF+hIjvlZ2aWmTTGU1dbRVsk93cTG2IcTTM5gwX2ut+kpGZnuTiI7PQapXTQzRSdbOmpnRkPdEwPqIZDYi4v2ve51uZ7sxHZpaPT1D5a+sbEad07GMpo5gAXYNNpJGg7Lk7ipHlZx2aOqST1sMNP1lNHV8bE6WV7AyOAscC57ZL8rYDYDpWZ74I7ZbtdBJS6i6t4iSeGemjhc6JofJDIwm3J3lpFtqs7njDXo+D0lVDXmTjKRtdUslbGA3NsbAByhuGVrkJy5yucMfydq26hSO66nkjjhlvMYogGDNhEOwbA4A/UpFe5NuzrV2ozQzyNmpZJ6VzWugfBHxrg4ds2QX+orWZjsziJ7sOCNBLBSymSPijJNNNHT3BMTHG7W7NgOwG3dSuxbdbwNoHxUjTK0smmkknmDhZwe95Nj3hZWsJZ28VpmQBAxQTignFAwUE4oIxQMUE4oGKCcFAwVVOCBZQMLq5RW+FXLMwwxTLGGTBtHfCSsMpm8p3hO86kbL5UPG1bZbAbsWHRbO3aPAZ6IUhZhVgqmDBDCMEMLGx2RcJxRrBiiYRghgxQwYoYMUMGKGANQwYoYRioYTiqYMUMGKGDFFwYqBiiGKBih3RiqdzFQ7mCCcEE4od0YlDEpwTJ3RgmTBigYouE4oYMVQLUTBioJxTKmKZDFMicUyGKZCyZE4pkMEyJwUMGJQMUE2QLIJxQwwfErDM1VNbtHfCrGO6ZhyneEfOpGxO6h7dq2zhdG7YAViXWGxKNo8FnohZhqWGKqJxQiGYYjWEFqBZAxQRZBNkEWQMUANQMUDFAxQMUDFBNkEWQMUE4oGKCMUDFAxQA1AsgWQLIGKCcUCyCLIGKBZBOKBZBNkDFAsgWQLIpZAsgysoIsglAsqFkCygO2IKnG6qDRtHfCJgmbyneEfOrGzFo7qHt2qpgA3JKwukdYjwGeiFIhqZZtN1JIZhRsVVKIhQFRBCCbICBZQQgIFkBBKCLIFkCyAg5tRq+MskTYJZTCGOeY8LAOFxYEgnYplcMqnWImU4qdr43Y4hou5xPMB07D9STJEMa7VhFG2URSSxOa12bCywyIAG090JkwmXVC0xtNPLxkmdo7x5ANtck3tbapNlw3KWVz23dG6I3Ixfjl39hKsSktCfWgDJhDLLHES2WVgbi0gcoAE3dbnsmTDKTVhlG2KN8/Gxcc0x42wuBflEdKZMN1sx4vjHNLLNLix1shbm2bFUw0aPWBI6JropIhO0uic/EtfycrckmxttU5lwg620tjLI5JDJLLC1jcQ4ujvc7Tu2JzGGcWql3GAQS8bE5ofEcA4BwuHXvYiyZXCmHXQYTUGGVkXJsXYcrJ4ZYWPSmUw6ElU1sscJBykbI4HZYBmN7/vBMmF6qJVBAsgICAoACCbICBZAsgBqKmyCbIhZBi51lYgmVZ2q4ZQgyaNo74UVlIOU7vnzpXZJUPbtVTDABVlZMNo8FnohSFlg0kKplex11mW4lmAo0myCLIFkAhAsgWQLIIsgWQLIFkCyAgWQLIFkHFcyoiqamRkBlbM2HBwkjYAWssbhxvvKxLUNePQ5iKaJzyxkIkmfJHgb1D3HkgOB5IDjtsrgyyZpczaOSl7fCVggeS0F8QlY/bbcRYjdzJgX69Qvklp3iJ8rGCXIRyiJwLgLbbjZsKkkN7SmFsduKfFZxs2SQSuPduCdi1GyS58MVRTtlhjg44OklfFJxjGt90N7SA7RYnmvcKCuDg/y6dsl3MhpOKL2SOjvJmDzEG1rpELMu1LB7k5jR/wCWWtBNzuIFyd6spDzWkaPLG+kIgfCYdk8j52yte3iyC1jMjYl1jfZsCxhrmXw6LIWwNe0gMqqmR+EmJDH54kFp57hXCZbui6e+ndPGRkxzw9k7nZSPB3tfc3u3mPQrEGWs/S5Tpopi0cbybtDhawnyO3vJgy2GaO2OqhliaRG2OdryXucbuLMbAk9BTHcy7FlpksgWQLIACCbIFkCyAgWQLIJsipsgWUCyqMSUSZYWVQAVAhBLRtCkqmQcp3hHzqV2SVLxtWhW0blWFso2jwWeiFIWVdlUSEwLWPWZhqJXBZlvIgIBCBZBFlQsgWQLIFkCyCEE2QRZBNkCyg867hjShx2TcSJeJNWIj1sJL2sX9F9l9ykysQ7lVUxxRulke1kbBdzybABXOBRoupR1cEdTDfi5LlhcMSQHEXt5EiSW9ZEc2DW6d9W+jY/OaOPjJA2xawZWsT09xTLWFOp8IYoJutwyaefDjHRQRmRzI/lO5gNh76symG1o+qRVcXGwkluTmODmlrmPabOa4HcQVDZvEKjmaTrcFVJURwOz62e2ORw7QucL2aedSJMNOt4VQRyyxBk8xp7dcPhiMjILi/KI7nQrkw3K/XKeGmFW594XBnFuYC4yF+xrWgbyehTJCrR+EMNTI+ANlhnY0PMM8ZjeWHc4dISJWYatTwwpmPlGM74oHYT1EcTnQRHnu7uc9tyZTDvxPa5rXNIc1wDmuBuCCLg/UqM7KoBqBZQLIFlQsgWUCyGU2QAEBAsgEIZYOd0LTMywVQUMpQylDKW70kymQco+EVK7LKl+9aZVgLTKyYbR4LPRCzCywstIiyCbKCxj7b1JhqLLwVnDcSmyYCygiyBZAVBAsgWQLKBZAsgEKhZBTV34uTHfxb7d/E2UlYeEpGN/JR+XPptQ53jLPJv3crLHh08vSt0yOpoqQ1TBI6OnikxdtbxnEi5I57G+9a3hjaWjwCl4vR4H4PfgyZ2EbQ57rSO2NHOVIJ3dTR9XFWJGmlrKYNaB+dQiHIOuOSQ47VcpLj6ZpkNNq4igYI2djSSBvcTUbS4naT3Spju34dLXNSgonl7YuNrakBkcMQvNOW9rfoaL7yrLNWro9PJp1HLNPHLUVFRUOqaiKjYJXCSUgYsaSLtaLC/cUjssy6NLMzUKaRstPUwRvvG+KpZxEpGwm2Ljs8qqS5fBKljhrdViiY2ONklKGsaLADieYKRus7NShZV0UlbC2kNTHUVEk8VRHLEI2ZjaJ8jdtj0A7FJ7LEZcOJrn6LpkFr1M9cBSPBtHHIyR72vd0sAadnOoQ7emx1MOrxnUHxzy1FK9lLLTtMccYYQ57XMdc3O+9/qViCZa1DHV0VLV0IpDMzKrfHWCSLrbCQueTNc5XbfdYqK9BwDB7FUGV79axbTvIts/C31rcbMW3d8BVkCAQgAIFkCyBZAQLIFkBFQdiqMCbqs5QAiACBZBNkBBLRtHfRYTIOU7vnzqV2J3Uv3rTKoLUosm3jwWeiFmCVa0ggICDNklu8phYlsNfdZw3Esgo2IiUAKggiygIBQEBAVBAsg8u/gVGSY+uKgUbpeNdQAs63LssiL45BpO0tvZYw3zPTFlxbcCLbOYWsteGPLS0TSmUlPHTxlzmR5Wc+2Ru4uN7d0pHZZlvImWl2MZ1113d3GcRxGNxhjnne1t97pjuuXJ1DgmJap9Y2rq4JnMbH7iYcWMA7VuTDYX2+VSa5lebs62kUDoGOa6onqS52QfUFhc3YBiMWjZsTCZby0mWlRaWyKapnaXF1U6N7wbYtLG4jHyLPlc9nJruCDXyTviqqmmjqnZVMMLmBkzsQ0m5BLSQBexUwsS3NR4N081NFS2dEyndG+mfEcXwPYLNc09O09+6TBEsNK4OCKfrmaonrKhrDHHJPxY4ph3hrWAAX2XKRUmzTn4FxudK1tTUxUs73STUcbmCGRzjd+22TQ47wDzpgy9JDE1jWsYA1rGhrWjYGtAsAPItQks7IhZAsgiyCUBAQEBARWLnIksLqsgRBAQEBAQS3eO+iwyk3u7586ldid1L960yqJsL9xaZySSi4v8lnohIhJslFyIFkCyohBINlMES2GPuszDcWZhZbSgIFkBAQEBAsgWQSghAQECyBZBFkEoFkBAQEBAQSghAQEEoCCEBAQEBBXLKArEMWthq9cG/cW+Vz517XA7QVJhuJZKKICAgICCW7x31FhMm898+dK7E7qn71WWgXX+pdXDPdnPvHgM9EJXZbQRy2SYIleHLLUSm6il0EXRU3RC6KuZIszDUStCjUSKKICYEoIQEBAQEMipkuoiLphUoFkBEymyKAIZLIZLIZLIJsghAQEBARBFLICAggIBRMqJ57bt63WrFrtNzidpW8OWcioyY4hMEWw2o5AVzmHWLZZoogICAglu8KSQmQ7XeEVK7LO6l+9VlpldXCd1k28eAz0QlVsrVRkx9lMLEthjgdyy1EslFEBFEBEWMk6frUmG4leCst5SoCuAUwCYBMArgFMAmATAJgEHK4UuIoaot2OERtYlpvcbjzKSsKtMoQOMypjA10ZaXGqMtwd4t+js23UiGpc3g7UOkqBHLI50cDX9ZlwLRVMBLTKT+niBby3UjdZ7Q1tHpppGU74opmPEoc+pfODG+MSOyGGRJuNlrJGScO7wijDzRxuvg+rDXgOc3JvEyG1xt3gLU7Mxu1GVIpJaxrXOdDFTxzYOcX4SkkYAnbtsNnSouGrwbfmZKOoEx41jaoccyaFxcSBM1mViWh2J2fKSFnDGGmaygrZW5CQddsDjJISGtkcBa57gTCTLpaFThr8jTGE8X25qTNkTbZj3d90iEth3VrDImATAJgEwCYBMArgApgQSAmDLVnqOYLpFXK1mqVvDmIqLIiUEjYkrlsRSg79hWJhuJWqNCAgIJbvHfUkhMm93fPnSNlncDR0BEcwldnn8rJjtHgM9EKVWyu60yXQSHWWZhYlcyUFSYbizO6jWS6IXQyXQyXRcsmSWUwsWXses4biWd1FyIZLopdELoIQyIZEEhBF1TKuqgZIx0cjcmPBa5p3EKTBEtSPRqduWMdsmuY4ZyWLTvG0pjC8zYNFF7lyG+4e9WFuL5ONhbmtssmDmWU8DY2hjGhrW7mjcNt0TOVdbRRTBrZWB4a7IXJFnAEXFiOk/WpOFiVUWlU7WGNsTAwua9wsTk5pu0uO82I51cLzNiWFhcyRzQXR5YON7tyFiLphnmaj6eMsdEGDi3l5czbZ+Ru6/futcrE3a1LpkMTg+NmLhcXyeeboJVwnM6cc3MfrUmFiy5ZbLoSIZLoIQyIZFTKHvskQk2aU09925biHK1lN1phOSCLqhdAugm6BdBbFPzH61iat1s2LqYbEBFS3eO+pJCZO2d3z50jZZ3S0qsuUSuuHn8s5ztHgM9EKVasryWmC6BkpgTkmDK2ObmPkWcNxK26jWS6BdAugXQZNfZTCxK9kikw3Es8lFMkMmSGTJAyQMkDJQy8eIX6hW17HzzxQ0TooIWQSui91MYe+Rxb2x5QsDs2LGMuk9jSKutq9OkijnDaqGrlo5ag2DiyKXFzwLWzLUjvGC0RWVYhNHqdDT01RUSids5rIZpXThsTY7tlJd72ctmzYb9xTExK5iYl7W66Rhy7vF8KKquFTSm7IKMV0EQDHZS1IIO13yGj5POsWzl1pjDY6ompcVDTR8bJD1xVxMe+G5l4sXc8NABNyArf7Jp5TwPnpjJMIamslla0B8FaXtkY29w4McAbHpSq3y9LUyENdjbPE45XtlbZfuXWo7uW2759rVHNSUrKl9ZO7UXSRhoErnQzSOePcmw9rjv22vbapy8rcWi3h09UdJVV8VEZJIoWUxqJ2wvMb5Hudi1uQ2gAgnYrvOGO0RldwanlZLW0kj3TClkYYXvIMhjkZkGudz2Nxcq1LeJaWmVNadVAqi1jX0kj46aNxcyICQDlO/ScfwWYzzLMR01fCvUGtroYq2plpaA0z3xuikdHxlQHWIc5vK2DcO6pf1NafpdrgBWTS0ecr3Ss4+ZtNK/wB8kpg73Nzu7ZKbF93pMltgyQMkDJQVyTALUQzNsNKSQuW4hzm2WCrAi5SghDKUBAQQgIiyOUjvKYarZsB4O5Zw6RMJBUVk07R30nZYnumQ8p3fPnUjYncaqOWeddXm8rJ948BnohKrZUtMhQFAQLopHVtBxunJ2ykakZw2g5Yh2LohdDJdDJdDKQ5MLlayVZw1Floco1lKKXQEC6BdB5Hj5NPra57qeeaGtdHUROp4+NLZmxhj2OA7W+IN++uW0uva0d1FI2roNMlkjgfJW1NTPUcS1uZifO/K7gN+ItzpETEJOJss4JSNifY0te6pqTeorKmADIgE7XX5LBuAHSlC7rRaBFFOarrisLsnO4t9XK6C7r7OLOyy3FMsTqREYc3hc983Woja4tZWwvdiNoaMruPQF0tTZxrq7rtV1eeEwPbCKiJsnu2LMp2NI2OjHSDvTVrjvBo3iZmJlq0L31WpGubDLBBHRPpGumaYppnPkDrgbwGgbyuUVzbLvN4iuG1Q6Oyj4yZktbUERn3OWplnysL2a13PssunJyuc35+zzmlVcjpuu62jrpam5EMYp/cKVl9gYCdrrb3b9q5xvmXS2MYh19VL6euirhDLLDJTmCYRMzljIdkx2PONpBWp7TliMTHKv4MRyOlrKySN0PXMjBFG8WkEUbMQXDmJN9iacZmZNS0YiIZywP7KRy4O4sUUjC+xxDuMFm36bK98pmOXDn1uVNqc1XLBLUQTU8MUT4o+OdA5l82lu8B1xtHQpbtOWotmuG5wKp5IhVyujMEdTVOmhp3bDHGWgbWjY0kgmw6UrBe8PVseCtYSJZXUVBKCmaoA761EMWs1HSX2lbiHKbIujJdDJdAugXQMkC6BkgZKhdDJdQS2S25JhqJbMcoPfWMN8yxp2jvqTDUSmQ8p3hHzqRsTulp2K4MuUTt8q7Y7PN5Z1B2t8BnohSsNWV3WsMl0wF0wBKYSWnPV8zd3StxVytdq3W8Obcpa4t2O3LnajrTUmN3TY8HaFyxh6InLK6il0C6BdAumBYyTpUw1Flwest5TkhkyQMkDJFMkDJBVNUBg2+Qc5ViuWLXxDmT1Dnnbu6Ohdorh57WyqutMl0FsU5HdCzNezcWbTHgjYsY+rpE/RldTCxJdDKbp+AumDKLoZ7l0SEhxG5MLleyYHvrOG+ZTNUcwVirFrNYlbc8l0C6oXQLoF0C6BdAugXQLqBdAuqF0Eh1tyhlsQTXIB33CzMOtZXSnlO8I+dYjZqd0sOxUco7128PP5WVG9vgM9EKVWytaZEGL3gC5KR3SbYaM1QXdwLpFcONrZUrTGRUEMr6epLO6FzmmW63w6kM4cLgrlNcPTW2Vl1Gk3QRdBN0EXUGbZLJhYlc16zhuJZZKKZIF0wZQX23q4Js59ZqWJs1dKabz31mn1wXk5HlLpy4ceeZZXUUQyXQyXQyyZIQdik1WLNuOUH+izMOsWysustF1cGS6CLoZLoZQ59kwmWtJPfctRDnN0Ml6VcGVl1MNF0Ml0C6BdAugXQLoF0C6BdAugXQLoF0wZZMO0d8edSY7LE917puW4H5TtvlWYj5XTm7r2HYsrlwIqmxsd19/lXpmvZ5Yt3b87trfFx+iFyrDpZVktM5VzTho7vQtRXLNrRDRklLjc/8AZdYq4WtlhdWYRN1BCAgIM4pS03CTXLVbYdOnqg7uFcJph6KX5t2xdZdMl0QugXQLpgS15CYWJXMkWcNxLPJTGGmL5Q0XKsRlmZiHJrK8u2N+voXalHm1NXw0brq4ZLoZXxzcxWZhuLLbrLfZiJW3xuL9CuJZ5oZZKKXQSHWUmFicNmGe+/esTDpFl11lpF1ROSKwfKAryszMNV8pK1EOcyxutIXRGbJLb9yzhqJW5BTDSbqKXVDJELoGSYXJdELoF0DJMBdFLoF0QugjjQHDpuPOkx2ajdlJIC5/hO9IqVj5S095Wxv2b1MNRLguO099enw83ltyzlrm9HFRegFzrXMN2lElWLcnafMrFXO12oXX2neukQ5ZRdDJdAuiF0C6BdFLoJDiNoUmMrl0KWtvsdvXO1XampndbSV0cvGcWcuLkdE/YRaRvbBcsvRMORW8NKCENMsxaHuka33N5uY3lj+bmIK521YiHWuhaZYz8NqBjomOmIdMxj4xxb+U1/ancrOrXOEjQviZbtbwgpoWzukkxFM6NsxxccXPF29/YQrN4iMyxGnaZiGi7hxp4ibOZ/cnvdG13Fv2vaATzd0LPWq38PfOHYpNRjlhbURuvE5nGNdYi7em3kXWJiYy5zWazhqO4V0obfjP/Lhk7V3aSuxYfKQsc0OnLLn6jwlhEckz5CIopDFI7F2x4NiLd+y6xatYzLzTS97cseVel6rDUs4yB2bAS2+JG0d9apqRaMw56mjak4lq1fCSlijZLJJiyQua12Djct3+ZS2tWI7tU4a9pxDKThFStj410lmcWyW+Lu0c7Fp3dKdasRkjhrzOE03CGlki45kl4+MbFli4ctxAA3d0Kxq1mOyW0L0nEtms1URhrb7XuEbTYnlHm/BdJxWYy44m2zi1XCKmiAkfIWhz3sacXG7mmzgpbXpXdqnDalp7OrR8Jad7HPc/YyJsxdi63FuvY7u4uc3rMZh1rpXiYi31bOja9TVgeaeTMR2y5Lha97b+8s01K22b1NG1MZWR6xA4RFr7id7o4uSeU9oJI7nalXnhnpWaVPwtonyPiZNd8YeXDB+wMBy5u4sxrUl0nh7x3Z0nDmhdHLIJiWQhhe7B/JyOLebpXPrVmMuscPqROJdjR9Zgq4zLTvzjDi2+Lm7R31qlotszek13VSa/T5YB/KMzqcDF22UNLiPqSLQk0nDU/KGncA7jNjo5JRyXdpGbPPkK3F4c+nZdU6nFHAal7rQhoeXWcbNNrbPKrNoiMpWk2tyw0qLhPSTM4yOXJnGshvg4e6P7UbliNWs94atoXrOJIeFFI+p60bLefNzMMHds0EkXt3Cka1JnB8Pfl5mFbwso4WtdJKWhzpGNODjdzHYuHkKW1qxHcrw97bOk/VY2Qdcl3uPFiTKx7Qi4NlrmjlyzFLc3KjRdfpqxr3U0nGCMgO5Lm2J76zS8W2dNTStSe6lnCmjNV1mJfzjMx4YP7cc11nq15uVqdG8V5vDsXXXDiXTAXTA15KxjXBpPftuC1FJZ5l4cDusszGGk3TAXTAXTAXQLpgUyT22D61qIFcZ5TfCHnVmOyxuyndaR5Hy3ecqVjtBbeV8dRsGxSYahynHae+uuOzz+UajNtaB81Ft/5AmnHZnVt3abZCF1mHHLZjkBWZhcsrqKXQLoGSBdAugXQLoF0wRLR4JVWJrAeevqPOF5q1zl7b3xyx9ny/hqfc6Xxuo/9W5fP1ofW0Zz/wDxVrPwjTPolD51m3qgr6bft7ThmfcNb8fReqau+p6ZebS9UPCVJ/wmn+mz+rYvPPoeuPcl9a4OVAGjU45+sz6Ll9DTrnSiXy9a+NWY+7xl/c/9JpY/98rlMPRn/wCs9f8Aiuv/AMwk9cFb+1LGl71fw6HUw+AO8a/+S3wnty5cd7sPNcLfi6i8dP6Tl59f0Q9fDe7P4hZqJ/MP/TqT/qVbR8v6Kev9yx4OyHsbb/j4D/E1b0Pbifu5cRP97H2n/h6/XDtpfpcfmcvZr+HzuE3v+HhOFPwWD6VV+sK+fxHph9Thfcn8Q61EfzSf/LKfzPXWnt/py1Pdj/dLY6kk4Y2qvuJj29GwqcHXMTK/1C2Jq62nO9z0r6dU+hKtYjEJE5m34eL0H4xq/F13mcvNT1y9l+9I/TS0c/mOpeDS+uKxX0y3f1VfQ+pPUFtC4f8A+7/MF7eFrmr53HXxfCoOvUMP/wCYmP8A/M5YmPmdKz8v6aUJ9yj/AMu1D1qmOy5/5d3hOf8ABX/Rov8A4rpqx/acdGca/wC3juBh/M//AFSk/kvPpen9vXxHrj8MNG/8Rf6qf0HqVj+61b2Gtw095g+k1/r3Ka66G/6h77UviM/QWei1eq2ek8Nff/bi9Rx1oqrw4/RXPhNpdeO3hyKN3/3Lf/i5D/A5ccf3Xomf8P8Ap9kuvpPlZ7IyQy5tXqH6LPK7+i61oxNnPyXXDLZpa0s2Ha3o6O8sWpErFnXimDhcEELjNZhvLK6imSBmg15Zr7Bu861ECq6oyidym98edS2yxuzqTy3+G/0ilNoLT3lMZ2KSsT2ceaUknmF13iOzxzbMs607WeJh9WFKbF2utsJBQXxS3371MLlYsmS6BdBN0EXQSgi6BdByODu+s+nVHpBcNPafy9WvvX8Pm3C48in8ZXfjUlfO142fZ0Nv/THWDeo03uUtCPxWLeqGq+m37e04ZH3DWvH0XqmLvqemXm0vVV4Spd/hdOP+MnP/ALbF559EPVHuT+H0zg8f8Kh+i/8Axcvp6Mf2o/D42vP9+fy80D7n/pdM9eV5p/6e2P8AtZr/AMWV/wDmEnrgrf25Z0ver+G/1MT+Yu8a/wAy3wfty48d7sPN8LD/AIfReOn9Jy4cR6Ievh/cn8I1B35j/oKYf++rb0fo05/ufuUcHz+Yf62H0mrpw/tftw4n3v8Axn/h6/V5LmlvzVUfmK9nERs+fwc+v8PE8KfgsH0qr9YV87X9Mfl9bhfXP4h1qL4JN/lkHmeulPbn8Q5anux/ulj1Me1qe+zzFb4GO1mP6nvV09MlLWabzgVk5t/yyrUx2hms97/h5fQj/iFWemOt/Frl4a+uX0Le3X9NHSD+Zaj4NN60rNPTLpqeqr3vUvP5k7xz/MF7+D9D5XH+4rY61Qz/ADWb/pys29X7daen9Q14DeOP/LtQ9aseG5/+w73Cb4lk+jRf/FddX2nHR9947gZ8D/8AVKT+S82j6f29nEeuPww0b/xF/qp/Qes191q/sNbhn7zB9Jr/AF7k19jQ3/UPfaj8Rn6Ez0QvXb2v08Fff/bidR73qq8OP0SuXB+Xfj94cek/8R/6qT0HLl/+53n/AC/6fXjOGi7jYL6XK+PFnMq60v2DY3o6e+utaJNmrkuiJugi6gtgnLDceUcxUtXJEuvTVLXjZsPO3nXG1MNxKxzwFmIXLXklutYVhdULoMojym+EPOpbZY3ZVJ90f4b/AEilI7QT5ZRnYFJWNnl6mpuSG7Bc7edeuI7PFEd11VOWuZzjiILj/wDU3cs0js3qbrGSBwuEmHJldMIXRV0cvMfrUmFyuyWcGWuyvjc8sDhcb+j6+db5J8pzeGxdYwpdAugXQLoOTwdO2r+nVHpBcNLafy9Ov/p/D5rws97p/G1v/UOXzdfw+1w/n8R/wq1U+70B6Kek86zb1V/S09Fv29dwsqModW/ampD9UbV6dWPls8ejbN6vGVHxbB9Lm9W1eSfRD3R7s/h9N4PH/C4fov8A8XL6el7Mfh8bX/zE/l5v9D/S6b69eef+ntj/ALWa98WV/wBPk9al/bt+WdL36/hjwGqnNoixuz3R5JG9ejga/wBqXj/qdpjXq4fCSQmiph0Sy+crzcTHyQ9vCT/et+Ftb8CP0Kn9cs29H6b0vcn8yy0D4B/rYvSauvD+3+3Live/8Z/4er1nfTfSWeYr2cRtX8vm8Jvf8PF8Jz+bQj/iar1hXzuJ9Mfl9fhfcn8Q7FF8En/yyDzPXSkf25/EOV/dj/dLHqZ9rU99nmK1wO0s/wBT3q3qHtNP+lzeaRbjaHLzf8Q8toriK6p8XV+i5eKvuWfRv7Nf019J+Bah4NN60rFPTZ11PXV7zqYfAneOf5gvdwfofK/qHuwqB93b/ms3/TlS3q/brX0z/takJ9zj/wAvrvWrPhf+4d7hHLfRpB/w8f8AJdNaP7P6cdCf8Q8nwN+B/wDqdJ/JeXQ9H7e7iPX+lej/APiH/VT+g9SnvNX/AMv+lHDL3mD6RX+ucpr7HD7/AKh7vUT/AIIfoTPRavZb2v08Fff/AG43UgPuVV4bPRXLgtpd/wCoeHEikx4Quceapl9By5RH9+Py7z/lv0+hz1Bebk94cwX24q+JlgHoZZgqKXQLoF1QEuO0GxG5SYyrcgrc9jtjuboK5zVpsXUwuS6YMouhlnCeU3wh51LbNV3ZVJ90f4b/AEipTaEtvLOI7ApO7UbPIHee+V7fDy+W1qPbM8RB6pqxp7NXazJC03C3MOct6CoDu/0LEwzKy6iIfIACTsA2klXGRxNQ1hzrsjNmc553f0C6001w5zHkWIO0LrMZhJd/S9XvZkm/cHLz308bM5mHZDlxbym6GS6KXRHJ4PHbV/TajzrhpbS9Wv8A6fw+b8LO0g8ZW/8AUOXzdfw+1w/n8Qo1X36i+j0o/FZt6q/op6L/ALel4Sn3LU/GUvoBezW9Fng4f10/bys5/wAOhH/FTeg1eG3oh9KPdn8PpvB74rh+i/ycvp6Xsx+Hxtb/ADE/l5pzwI/9Lpvl93v/ACXn8f8Ap7M4n/3/AMKNcnLqKsG5prHut3TIt3j+zb8uOlP+KrH2W8Cfgp8Ny7cD7UvL/Vf8xVx+EXwSn8bL5yvLxPtw9/B+9b8Qtqj+aH6JB61Zv6P01pe5/wCUrNAP5h/rYvSC6cP7X7c+K9//AMZ/4er1nfTfSWeYr2cRtX8vm8Hvf8PGcJvg0P0mq9Mr53E+mPy+xwnuT+IdOiP5rN/l0Pmcu1Pbn8OOpP8Adj/dLLqZ9rU99nmKvAbSz/U96t6i7TT/AKXN6Mi3G0Ofm/4h5bRz+e1PgVXouXip67Poans1/TW0v4JXeDB6wrnT0WdtT11e66mcg6zIPzzrfUF9Dg4/tvk/1Gf7sMR7+3/NZv8ApysW3/btX0z/ALWpH73H9ArvWFSF+v5h2eER/wAIf9Hj/ku2t7H6efQ/zP7eW4Hu/NAP/wAlS/yXj0PR+3v4mf7n6Y6Of/uD/Uzeg9SvvNX/AMv+mvwx95g+kV3ripr7Lw+/6h7rUD/gp+hM9EL229n9Pn1n/Eft5/qXVGENTbeXst+6VjgK5iXf+ozs40Lr62Sd5qJPRK4RGOJj8u9v8t+n0RfcfDQoJDkXKwOUwZLorF0imFhWSrhsumBuU1XuDvrWLVRuArGBN0GUJ5TfCb51LbNV3ZVR90k8N/pFSkdoLT3lnEdgSY7tRs8k47T3z517PDyeWzqLuVH4in9U1c9PaW7tW66MAckwNjsg1ovIbdH7XeWeTLM1cWur3SnoaNzR/Ndq0wsRhqLapBRMMw5VMOrpmrFlmv2t/ELhfSz3YmMPQRyhwBabgrhNcLEs7qYUug4+iOLTV32XrJyPKVx0oxE5ejiLRM1x9Hz3hPC9zYbMcfdKs7Gk75yV83XrPbs+zw169+/iFWpU7zNRkMebQ01yGnZY7brFq25q9votL15L9/q9HwijcYtSAaTeSmtYE35A3L2a0TNLPDw9o56d/q8vNTv6wiGD7iplJGLr2wbzLwzS3Tjs+jF69We/h9A0Wow06JpBy63tbnGw8y+to0/tRH2fC4jUj4mfy805ri3aDsgo27jzSHYuHJONvo9sXrPnzKdWjcaOpABJNS4gWNyM01Kz0bRjy56Vo+KrOfDZ4GMLaUhwLTm7YQQV14GJjSmJcP6naJ16zEuRwghcaSnAa4kSSbA0k7yvNxFZnTiMPdwlqxrWnPiGdVE7rUjE361hFrG9+N3KXpPJt4a0r16k9/8AVLLQ43CjALXA9dxGxBv2w5lvh6T0tvLjxdo6+c/6Z/4eq1N2Rp7c1Qwm3eK9evEzFfy+dwdoib5+jyPCOFxp4QGuJ64qTYNJNi87V8/iK25Y7eX2OFvXqT38Q6NJG7raYWN+sIRaxvflbO+utazyT28OWpaOpE5/1SdTxjmNqMmubfC1wRff0q8DExE5hj+qWiZriXQoQcKDYdlVKTs3Cz1uInEMc0Zv38Q8zpMDxWVBLHAFlVYlpseSV4qUnnt2fQ1LR0a9/o1tNp3ikrQWPBLYLAtdc+6Hcs0pbkt2dr3rz17vY9T5hbSEOBaeNdsIIO4L6HBVnp93xv6laJ1e0kd+OZsNhqUjr2O4wkX7yxas528u1Lxyb/6VETHcXHyT8BrRuO8yGwWeWfp4dOaPr5h19faTpT2gEniIxYC55uZddWJ6Mw8+haPiM/d5jgrC8Uti1wPZCmNi0g2tv7y8mhWeTby93E2jqb+GOkRPGuB+DseuJuVibdq7nUrWets3e8fD7qeFsL3Qw2Y42nrSbNJsDMVNes42Xh715p7+Iet1KpJ0ni2g360YDs29qNll7ppPR/T59Z/xGfu4XU7Y5rJ8mlt3M3gjmWP6fExE5d/6jaJxhz6eJ3ZnLF2PHv5WJt2p5154rPxMTjy7zaPhsZ8Pf5L7T4hkoF0DKyCONvuR0hF0wpkgZIJuirqepLdh2t6OhZmEb7JLi4WMIthPKb4TfOs22lqs92VWfdJPDf6RSm0Ft5ZxHYPL51Jju1GzyTt575869fh5fLa1Hto/EU/qmrGntLd2oujLXq6tsY6XcwViqxXLjTzuebuP9u8usRh1iMEcvSqlq5XAqOeC6IXQZtcqmG7Q17ojvu3nC52pli1XpKWqbI3Jp746F55rhmJ+qZJehMJNlJcmIZzkupywsXmPJdOWq9S0+UK4hnmmPKmaptu3+ZWKVZnVn6qRC923B7gf0g1xv5bJzVrvLMVvb5sSh0L2i7muaN13NcB+ISs1mS1bxGZiVa1NYZ5p3SmIhLWmdxMVlYvMeS6Yqc0/VIBsdhIFrneB3+hTFYMzPdAVwzmYXMkWbRDcak+Fl1ZrDWZnvEl1mIiCbWneUtBO4EnuAk/hzKziO7UZnZmyTmKnLWe+F55jtlndOWpGpbxIPrSIiCZmZS4WJB2EbwRa3kSMTsvzQzje4C+3G/kupistRe8R3Xtffcpj6tRb6JyWeWFm1pli6SwuTYKxWFm1mjPWE7BcN866clZ3ara0Kw66uIXMsrqYiNjMzuXTkjdeeY7C0zAioJsobq3PRuIwxyRWYegm6YC6BdAumBnFMWnZu5xzKTA6dHOHObbfk248q5alcQ1XdfVu90k8Y/0ipX0wzbeWUTtg8vnSd2o2eUJ2nvlerw4eW3qR5UfiKf1TVz09mr7w41bXht2s2u6eYLtWq1p9XJc4k3O0rph1jsxVBBmyS3eRJjK9rro5TGE3RC6DJpRJbVPOWG7T3x0rFoiXK0Zdqlqw8dDucLjNcOUxMNi6iJRcIJRGtLPfYN3SrEOdrNdaYei4I6pOKmmgEr+Kzx4u/JtY7F4uK0qck2x3e/g9a/PFM9lzTPWSVLJp5OtqdzpJABmbBxDWsbzlc5mmjWJrHeXXF9e9omflq1KzR4zCainMwYyRjJWVEYa8ZGwc0jYQulOJtFsWhyvwtOXmpnH3b7+DlKKnrPj5ePcLsdg3imnDIBx3k95c54rVmvPEdnaOD0ufp83doy6TTuhqHQSyOkpQDJmxrY3i9iWW27+ldI4jUi0ZiMS5W4bT5Z5ZzMbranSKOHiWzTTZzxxvGDGYxZDe++8d7oUjX1bZmsRiC3D6VcRM95WtoXU9PqcLyCWGAAjc4F1wR5LLE6kal6TDfRnT071mVNJpNI50cRlnlkkDbvp42vhjc7mJ3m3Ot219SMziMQzThdKcRmZz/wCm1p9DDFBqUcxkL4i1j3RtYeTlsxv08653va1qTXy6aWlSlLxaO8NeHSIo44n1BqC6dokY2CIPEcZ3F5PP3Atzr2zMVx2+rnThq1rE2z830aWr6eaeUxk5Cwcx1rZMcLg25l30dbnrlx19KdO2PDr8H5etad1Xjd8szIGC1/cwQ6Q/ULLy8R/c1OWPEPbwtY09PmmO8qa7Rx1+2C5bFO9rmOA3MeLi3e3Lpp609Hm3w56nDx1orPbKxukQOlMMc0h4kSOqZHsAY1jLXLOnbsWPiLxGZjfZr4fTm3LWdt2DaemOMkEr8mSxgxzBrXPBcOUy29am2ptePHgrTSzmsupqmnU01bLDxsonkccSGt4lrsbhp23OxcNLV1KacWx2dtXR076k1z3aFPRg00Qllc2M1Zic1uOLTjbILtN5i84jvjLjXSjkjM9s4VU+k2nqI5HFsdMx75HgcwHJtfZtVtxGaRMbyzTh/ntEzs2RQQxxxPqDPlM0Oa2CMPwYdxdf+SxOtebTFcdnanDV5c2z3cLX6R8EzonOyFg5jgCLscLg25ivZoanPXmctXS6dsOcu093JIKDNr1I7KnJMKZJhEOfZMNR3VF6YajsZKrkyTAZIJD1DLLJDKbopdRC6YMrKaQh7CN+bfOFm8dparu6U9SDLKDsIkk8vKKxWvywzf1S2ITyR5fOpKxPZ5R7rXvssTf616YjPZy8qNerSeJw2B1PDyumwxPoqaUbvRNNsuIu6lkQQQgIMmuIQmMr2vujlNcM2tujMzhY0KSzMsrqYTDNjyNoNipMMzGXVpK/LY7YenmK5TVytXDcc+29ZwxzNaSUnvLWHO1larIg6HB+pbFVwSyGzGSXcbE2FiNy4a9JtpzEeXfhrxTUi0ujo2sMilq2mR8UdTkGzRg5RuDiWut0LhraFprWYjOHq0OIrW94mcRZnqWot4kxmsmq5HSNP6bYmMBvtB7YrNNK0znlwt9asViObMs36tCdVFVl7js5eJ+Zx3b961GlbocmO6Tr16/Pns0NOro2RV7XGxmjxjFjyjnfybFrU0pma48M6epWsXj6uxrlLSudSumnMRFLAZG8W5xe22zAjn2EbVw0pvi0RXPd6NeunNqzacYhq1WuRzNrybtM5hETLEksYefoNluvD2ia/ZztxNZi33b8mtQ5xSMq3w07BHekiic1922uCdxBK59C+JrNcz9XWNfS54tFsRHhpnUaZ8mpMdLgyqxdHJg4jYb7RvXTpakRSeXZz61LTeM+paNZbLFABWyUjoY2xSNDXlkjW7A9uPOR0rE6FqzOa5y3163rERfGHF1qtbLMXMdI9lmta+Zxc91t5PQL8y9ehSaU7x3eHW1ItfMS6lfwgcwRQ0cpbDFE1pIaBm8m7jtHSuOnw8Wza+8y9OrxfLEVpPaGzT63HJ1nLUPIqKeYh5xJziPPsHMud+Hms2im0uleJpblm28OfpmpRsqagvvxNS2aJ7gOUGvOx1vIF21NG1qRiO8OWnrUjUtMz2lm0UkDdkvXEjpIy1wY5jYmBwJJvvKmNW/jEQ1E6OnOc5y2G6nF2T65yPEiUuyxPa423LPRt0eTyvWr1+fPZRVV0bqQxNd7p13JLaxHJIsCrTStz5n6YZ1NWs05Y+uV2r67G+lAZfrmYRtqdhGyMEN293Ys6fD2jUzO3h3vxFbaUVjfyyGttmig/PZKN8UbY5GBr3MeBuc3Hnt0rnbRml5+XOXeurFqRHNjDha5Wtlnc6N8j2ANa10ri57gBv7nPsXu4ek1r3eTXtFrZhoXXZxLoF0RLXI1Epc9GohhdGi6GS6GUIZLoZLoZSHIZZB6LlOSBdBfQtyljaOeRo/FYv6Wq7sKiXJ73Dc57nDyuJVrtBbeW5T1jg0Dv+dSYgiOzxlbVl5I3NudnTt513iMN0piO60+6UoO91O8g9JhkNwfI+4/5gs7WdcZhoAro54TdEwlBCAgIrNjedGZltNfzI4zVmjIERldQSHKTKYbkFQ7YHbf5LjMuOpSPDaBVh55jCVUQg39JpGyl4dlyW5ANvdxuBzA9PQuWpaau+lSLfpnFpRc2N3GACVz2425TMQTt79tnSVnqz9FjRicTlmzSOSHmRtuO4ottZ1srXPMDz2Trd8RC9H5czKI9KDmuLZGjCISEO53Eu2bObk/iE6sxiMHRie6DpjbX4wG8Ln2DdocGtcGnb+1v7ivVmfB0ojyujjNRHxsz3FzAYw7khsTGR5Ny6Qd39Vz9E/L2aiI1K5swGjklnujeWwvsGknYAbAX5XbfgV060/RnoY7ZVt0o2Y4yNDXki9ibWDidnP2tvKFnq99k6Gcd13YS7ntEzCGszysdvKItbyb1OrONmuhEz2sqbpjbNJkByjc4tA2tcIw8N37d9r9xanVnOzM6MYzlVRQRvZIXXD28WGnIBvKdjt2c2/Yra16ylK1tHdtnRw17mumaA0NNw0m9w42t/yH6ws9WfENxw8RM/Myj0kWDnSDHjeLuBa4Dg0kHp237ysavjCxoxiJmUx6QCInOkAEjntsBdws1xB37uTZZ609+zUaMeZI9HyMPurRxwLtx5Oy9j5letjwkaEfVzCMSR0G31LvE5cMTE4YPn5gjpEfVXkjp2hi4K/lYlgUXIHKjK6ASgrc9FhDXo3DLJBN0C6BdAyQMkDJAyQZByKm6GezboDiJJj+g0tb3ZHggW7wufIuWpObYh0p2jMtPJdXNtQHkjy+dYmGol4x52nvnzr0w7r6Cq4p+VsmkFkjDufGe2af97wFi9OaFiWdfScWWuYc4ZLmKTncBvDuhw3EKUtntPhZjy1F1wym6Ml0UUMrWM6VJYmWaMgKCyN/SjE1WpLCQLrE2wmcLmMXKZyxNlzRZRymVkclkZmuWw0grWXKYwlELqrkTBkTBmRMGZETImDJdFzJdTBmQK4TJdDKEE3TCssjsFzYbhtsL79imDKQ9MQsSyztz/imG4mZUPkvu3LTcQrRcsg5GsskUKGVZFkayjJWFYl6LCLphUXQSHIMg5MKZKiboIuoJuqIuoGSBkrhMrqaJ0jg1ouT9QHOSeYDpWbW5YbrGV1ZO2zYozeOO+3dxjzbJ/4ADuALFKf6patbw1brphhtwHkjy+dSWoePdvPfPnXaHoQqNqjrDGHMLRJE/wB8icSA63OCNrXDpC52p5hqLLjQNk20zw8n/wAiQtZM09Avsk8m3uLMak17SvLnZpzU72Gz2OYehzXN866RaJ2lnCseRWZSVzQBzhTLnLK46R9amWcFx0j60yYLjufWmTCbj/ZTMGFkX4Lna8QxaG7EAedc8/d57ZWi3SnZgv3QmYTBfuhTMCWvt/3TJMZbLJAefatRaHKasrrTOJTdEE7BdMwF0zAXUyCZC4VMF0zH1C6Zj6iLpmPqCmRN0GLngc6rVa5UmW+8j61cOsRgzH+yjfcz/wB3Q7/Qy/3dExKRJ/u6L3+jLJFQ94H/AHRYifo13O/7XVdIifojP/d1cqnJAyRM/YyUzBn7GX+7q5hcsg9ImBOXeVDJQ7/QyVO/0MkO/wBGTASbAEnoG0qTMRusRM+G2KAjbM4QN/b2vPgsG0/guc6kz2r3biv1Yz1jcTHECyM9sSQZJPCPMP2RsSunO8k3jaGrkurmm6DagPJHl86zLUPJO3nvnzro9QrkQgJ28mZbtNqE7djZpA35Jdk3911x+CxNK/RZvLaGrz/Lb9jT+ysTpQz1JOzM/wAtv2NP7KdGqc8p7Mz/AC2/Y0/sp0anPKezE/y2/Y0/sp0anPJ2Yn+W37Gn9lSdKsHPKyPU595ePsaf2VytWrE6swvbqs3ym/YweysdOrlOrLIarN8tv2UHsK9OrM6krW6tMf0h9lB7KclWJvLLspN8ofZQeynTqz1ZOyk3yx9lB7KdOp1ZOyk3yx9lB7KdOp1ZBqk3yx9lB7KvTqdSV0eryne4fZw+ykaUOc3tC3slL8ofZw+yr0qsdWx2Sl+UPs4fZTpVOrJ2Sl+UPs4fZTpVOrY7Iy/KH2cPsp0qp1ZOyUvyh9nD7KdKDqydkZflD7OH2VOlC9WTsjL8ofZw+yr0qnWsdkpflD7OH2U6VTq2OyUvyh9nD7KdKp1bHZKb5Q+zh9lOlU60nZKX5Q+zh9lTpQdWzCTVpR+kL+Lh9lWNGGq3tLXOqTfLH2cPsrXRq69STspN8ofZQ+ynSr9TqykarN8ofZQ+yr0anUsnspN8ofZQ+ynRqnUsdlJvlD7OD2U6NV6ljspN8ofZQ+ynRqdSzF2sTD9IfZw+ynRq1F7MOys3yx9lD7CvRq3GpY7KzfLH2UHsJ0ar1LIOqTfLH2UHsJ0YXqWR2Wm+WPsoPZTowdSwNVm+WPsoPZV6NTqSdlZvlj7KD2E6NTqSdlZvlj7KD2E6NTqynstN8ofZQ+ynRqdWQatN8tv2UPsqdGDqynsrN8tv2UHsK9Cp1LHZWb5bfsoPZTo1OpY7KzfLb9lD7KdGp1LIfqcxFuNcB0NIYD+7ZajSqTqWahdfaTc9JO1bxEbQxMzO5dMGS6GTJDLdpzyR5fOszDUS866AXO07z0dK09iOIHSfwVDiB0n8EEiAd38FEXCEd38Ec5OKHSfwVDih0lREiEdJ/BCU8SOkqozigG3euF5ZsvbEFzhxmWXFhVE8WEDiwiLWMRiWXFjuqsnFjuoHFjuoHFjuqi+Bt77SrDneFpjHdSWQM76iJ4sd1VEcWO6gcWO6gcWO6gGMd1FgEY7qgnix3UMMJWWGxVqIa/FDuqusI4od38FVSIh3fwQRxY7qIkRDuqjPiB0lTKsZIQOc/gmWohXxA6T+CZbBTjpP4KwMhTjpP4KqGnHSfwTIxNOOk/WEyJ62HSfwTKo63HSfwVhcBpx0n8FTB1sOk/ghg62HSfrCGEtph0n8FMmGXWw6T+H9EMHWw6T+H9FQ62HSfw/ogdbDpP4f0QwdbDpP4f0QwdbDpP4f0QwdbDpP4f0Qw2YaYYjaefo6e8syr//Z', 'Active', 'Verified', NULL, NULL, NULL, NULL, 'PUB', 4, '2026-07-12 18:38:05.159');
INSERT INTO `Client` (`client_id`, `username`, `first_name`, `middle_name`, `last_name`, `email`, `contact_number`, `password`, `id_proof`, `account_status`, `verification_status`, `remarks`, `profile_photo`, `otp`, `otp_expiration`, `client_role_id`, `client_org_id`, `created_at`) VALUES (12, 'client21', 'Client21', NULL, 'Client', 'client21@gmail.com', '09123456788', '$2b$12$m9T0TmNSyQtGTr9hneyFv.DHAuPN8UIhz9QCZfnulrHhgcOon3piu', NULL, 'Active', 'Pending', NULL, NULL, NULL, NULL, 'PUB', 1, '2026-07-12 19:17:32.186');
INSERT INTO `Client` (`client_id`, `username`, `first_name`, `middle_name`, `last_name`, `email`, `contact_number`, `password`, `id_proof`, `account_status`, `verification_status`, `remarks`, `profile_photo`, `otp`, `otp_expiration`, `client_role_id`, `client_org_id`, `created_at`) VALUES (13, 'testings', 'Testings', NULL, 'FEFWEFW', 'qwdwqd@gmail.com', 'N/A', '$2b$12$mSaAVGjyoO2GFrjWfrCMc.xsYjhsm/PtjACm6cah7Few/Qr2lHdHC', NULL, 'Active', 'Pending', NULL, NULL, NULL, NULL, 'PUB', 1, '2026-07-16 15:22:55.074');

-- --------------------------------------------
-- Table: ClientOrganization (5 rows)
-- --------------------------------------------
TRUNCATE TABLE `ClientOrganization`;
INSERT INTO `ClientOrganization` (`client_org_id`, `organization_name`) VALUES (1, 'Notre Dame of Marbel University');
INSERT INTO `ClientOrganization` (`client_org_id`, `organization_name`) VALUES (2, 'South Cotabato State College');
INSERT INTO `ClientOrganization` (`client_org_id`, `organization_name`) VALUES (3, 'Mendoza Catering Services');
INSERT INTO `ClientOrganization` (`client_org_id`, `organization_name`) VALUES (4, 'STI College Koronadal');
INSERT INTO `ClientOrganization` (`client_org_id`, `organization_name`) VALUES (5, 'Villanueva Events Management');

-- --------------------------------------------
-- Table: ClientRole (2 rows)
-- --------------------------------------------
TRUNCATE TABLE `ClientRole`;
INSERT INTO `ClientRole` (`client_role_id`, `role_name`) VALUES ('PROV', 'Provincial Government');
INSERT INTO `ClientRole` (`client_role_id`, `role_name`) VALUES ('PUB', 'Public Client');

-- --------------------------------------------
-- Table: Document (5 rows)
-- --------------------------------------------
TRUNCATE TABLE `Document`;
INSERT INTO `Document` (`document_id`, `document_type_id`, `file_path`, `document_status`, `status`, `remarks`, `submitted_at`, `booking_id`, `staff_id`) VALUES (1, 1, 'docs/request_letter_booking1.pdf', 'Verified', 'Pending', 'Governor approved the request letter for Recognition Ceremony', '2026-03-02 02:30:00.000', 1, 4);
INSERT INTO `Document` (`document_id`, `document_type_id`, `file_path`, `document_status`, `status`, `remarks`, `submitted_at`, `booking_id`, `staff_id`) VALUES (2, 5, 'docs/receipt_booking2.pdf', 'Awaiting Submission', 'Pending', 'Initial 50 percent payment receipt must be submitted 7 days before the event', '2026-03-03 03:25:00.000', 2, NULL);
INSERT INTO `Document` (`document_id`, `document_type_id`, `file_path`, `document_status`, `status`, `remarks`, `submitted_at`, `booking_id`, `staff_id`) VALUES (3, 4, 'docs/billing_booking2.pdf', 'Pending', 'Pending', 'Please resubmit billing statement with complete breakdown of charges', '2026-03-03 03:20:00.000', 2, 2);
INSERT INTO `Document` (`document_id`, `document_type_id`, `file_path`, `document_status`, `status`, `remarks`, `submitted_at`, `booking_id`, `staff_id`) VALUES (4, 2, 'docs/contract_booking1.pdf', 'Verified', 'Pending', 'Contract of lease issued by Local Treasury Operations Officer', '2026-03-05 02:35:00.000', 1, 2);
INSERT INTO `Document` (`document_id`, `document_type_id`, `file_path`, `document_status`, `status`, `remarks`, `submitted_at`, `booking_id`, `staff_id`) VALUES (5, 3, 'docs/cert_booking1.pdf', 'Verified', 'Pending', 'Certification issued by Provincial Treasurers Office', '2026-03-05 02:40:00.000', 1, 2);

-- --------------------------------------------
-- Table: DocumentType (5 rows)
-- --------------------------------------------
TRUNCATE TABLE `DocumentType`;
INSERT INTO `DocumentType` (`document_type_id`, `type`) VALUES (1, 'Billing Statement');
INSERT INTO `DocumentType` (`document_type_id`, `type`) VALUES (2, 'Contract of Lease');
INSERT INTO `DocumentType` (`document_type_id`, `type`) VALUES (3, 'Certification');
INSERT INTO `DocumentType` (`document_type_id`, `type`) VALUES (4, 'Request Letter');
INSERT INTO `DocumentType` (`document_type_id`, `type`) VALUES (5, 'Official Receipt');

-- --------------------------------------------
-- Table: Facility (7 rows)
-- --------------------------------------------
TRUNCATE TABLE `Facility`;
INSERT INTO `Facility` (`facility_id`, `facility_name`, `description`, `capacity`, `rate_id`, `status_id`, `venue_id`) VALUES (1, 'Gym Lobby', 'Event space suitable for small gatherings, exhibits, and formal registrations', NULL, 4, 2, 1);
INSERT INTO `Facility` (`facility_id`, `facility_name`, `description`, `capacity`, `rate_id`, `status_id`, `venue_id`) VALUES (2, 'Stage Area', 'Stage area for cultural presentations and program performances', NULL, 3, 3, 1);
INSERT INTO `Facility` (`facility_id`, `facility_name`, `description`, `capacity`, `rate_id`, `status_id`, `venue_id`) VALUES (3, 'Basketball Court', 'Court for basketball games with shot clock support', NULL, 2, 2, 1);
INSERT INTO `Facility` (`facility_id`, `facility_name`, `description`, `capacity`, `rate_id`, `status_id`, `venue_id`) VALUES (4, 'Track Oval', 'Used for jogging or sprints', NULL, 5, 1, 2);
INSERT INTO `Facility` (`facility_id`, `facility_name`, `description`, `capacity`, `rate_id`, `status_id`, `venue_id`) VALUES (5, 'South Cotabato Gymnasium and Cultural Center', 'Primary venue located at 26 Rafael Alunan Avenue Zone IV Koronadal City South Cotabato', NULL, 1, 1, 1);
INSERT INTO `Facility` (`facility_id`, `facility_name`, `description`, `capacity`, `rate_id`, `status_id`, `venue_id`) VALUES (6, 'New', 'sfefsdf', NULL, 2, 2, 1);
INSERT INTO `Facility` (`facility_id`, `facility_name`, `description`, `capacity`, `rate_id`, `status_id`, `venue_id`) VALUES (7, 'gjhg', 'gjdftutf', NULL, 1, 2, 2);

-- --------------------------------------------
-- Table: FacilityImage (7 rows)
-- --------------------------------------------
TRUNCATE TABLE `FacilityImage`;
INSERT INTO `FacilityImage` (`facility_image_id`, `image`, `facility_id`) VALUES (1, 'scgcc_main.jpg', 1);
INSERT INTO `FacilityImage` (`facility_image_id`, `image`, `facility_id`) VALUES (2, 'scgcc_side.jpg', 1);
INSERT INTO `FacilityImage` (`facility_image_id`, `image`, `facility_id`) VALUES (3, 'scgcc_front.jpg', 1);
INSERT INTO `FacilityImage` (`facility_image_id`, `image`, `facility_id`) VALUES (4, 'basketball_court.jpg', 2);
INSERT INTO `FacilityImage` (`facility_image_id`, `image`, `facility_id`) VALUES (5, 'stage_area.jpg', 3);
INSERT INTO `FacilityImage` (`facility_image_id`, `image`, `facility_id`) VALUES (6, 'gym_lobby.jpg', 4);
INSERT INTO `FacilityImage` (`facility_image_id`, `image`, `facility_id`) VALUES (7, 'track_oval.jpg', 5);

-- --------------------------------------------
-- Table: FacilityRate (5 rows)
-- --------------------------------------------
TRUNCATE TABLE `FacilityRate`;
INSERT INTO `FacilityRate` (`rate_id`, `day_rate`, `night_rate`) VALUES (1, '1500', '2000');
INSERT INTO `FacilityRate` (`rate_id`, `day_rate`, `night_rate`) VALUES (2, '20000', '25000');
INSERT INTO `FacilityRate` (`rate_id`, `day_rate`, `night_rate`) VALUES (3, '20000', '25000');
INSERT INTO `FacilityRate` (`rate_id`, `day_rate`, `night_rate`) VALUES (4, '1000', '1500');
INSERT INTO `FacilityRate` (`rate_id`, `day_rate`, `night_rate`) VALUES (5, '3000', '3000');

-- --------------------------------------------
-- Table: FacilityVenue (2 rows)
-- --------------------------------------------
TRUNCATE TABLE `FacilityVenue`;
INSERT INTO `FacilityVenue` (`venue_id`, `venue`) VALUES (1, 'South Cotabato Gymnasium and Cultural Center');
INSERT INTO `FacilityVenue` (`venue_id`, `venue`) VALUES (2, 'South Cotabato Sports Complex');

-- --------------------------------------------
-- Table: Inventory (6 rows)
-- --------------------------------------------
TRUNCATE TABLE `Inventory`;
INSERT INTO `Inventory` (`item_id`, `item_name`, `unit_cost`, `quantity_available`, `venue_id`, `status_id`) VALUES (1, 'LED Wall', '5', 1, 2, 1);
INSERT INTO `Inventory` (`item_id`, `item_name`, `unit_cost`, `quantity_available`, `venue_id`, `status_id`) VALUES (2, 'Wired Microphone', '1200', 10, 1, 1);
INSERT INTO `Inventory` (`item_id`, `item_name`, `unit_cost`, `quantity_available`, `venue_id`, `status_id`) VALUES (3, 'Table', '258', 8, 1, 2);
INSERT INTO `Inventory` (`item_id`, `item_name`, `unit_cost`, `quantity_available`, `venue_id`, `status_id`) VALUES (4, 'Chair', '5', 700, 1, 1);
INSERT INTO `Inventory` (`item_id`, `item_name`, `unit_cost`, `quantity_available`, `venue_id`, `status_id`) VALUES (5, 'Compressor', '800', 10, 1, 2);
INSERT INTO `Inventory` (`item_id`, `item_name`, `unit_cost`, `quantity_available`, `venue_id`, `status_id`) VALUES (6, 'Wireless Microphone', '1200', 4, 1, 1);

-- --------------------------------------------
-- Table: LetterStatus (5 rows)
-- --------------------------------------------
TRUNCATE TABLE `LetterStatus`;
INSERT INTO `LetterStatus` (`letter_id`, `letter_remarks`, `updated_at`, `reservation_id`, `approval_status_id`, `staff_id`) VALUES (1, 'Request letter for Basketball Tournament declined due to incomplete event details', '2026-03-08 05:00:00.000', 4, 3, 4);
INSERT INTO `LetterStatus` (`letter_id`, `letter_remarks`, `updated_at`, `reservation_id`, `approval_status_id`, `staff_id`) VALUES (2, 'Private clients are not required to submit a request letter to the Governor\\'s Office', '2026-03-07 03:00:00.000', 2, 3, 4);
INSERT INTO `LetterStatus` (`letter_id`, `letter_remarks`, `updated_at`, `reservation_id`, `approval_status_id`, `staff_id`) VALUES (3, 'Request letter for Provincial Government Assembly is currently under review by Governor\\'s Office. Review takes 3 days', '2026-03-06 02:00:00.000', 5, 2, NULL);
INSERT INTO `LetterStatus` (`letter_id`, `letter_remarks`, `updated_at`, `reservation_id`, `approval_status_id`, `staff_id`) VALUES (4, 'Governor approved the request letter for Cultural Festival. Letter forwarded to Provincial Treasurer\\'s Office', '2026-03-05 01:00:00.000', 3, 1, 4);
INSERT INTO `LetterStatus` (`letter_id`, `letter_remarks`, `updated_at`, `reservation_id`, `approval_status_id`, `staff_id`) VALUES (5, 'Governor approved the request letter for Recognition Ceremony. Endorsed to Provincial Treasurer\\'s Office', '2026-03-04 06:00:00.000', 1, 1, 4);

-- --------------------------------------------
-- Table: Notification (5 rows)
-- --------------------------------------------
TRUNCATE TABLE `Notification`;
INSERT INTO `Notification` (`notification_id`, `message`, `type`, `is_read`, `sent_at`, `staff_id`, `client_id`) VALUES (1, 'Your signed Contract of Lease is ready at the Provincial Treasurer\\'s Office.', 'General', 0, '2026-04-07 06:20:00.000', 4, 4);
INSERT INTO `Notification` (`notification_id`, `message`, `type`, `is_read`, `sent_at`, `staff_id`, `client_id`) VALUES (2, 'The Certification for your event has been processed and is ready for claiming.', 'General', 0, '2026-04-07 02:15:00.000', 4, 3);
INSERT INTO `Notification` (`notification_id`, `message`, `type`, `is_read`, `sent_at`, `staff_id`, `client_id`) VALUES (3, 'Please proceed to the Provincial Treasurer\\'s Office to claim your Certification.', 'General', 0, '2026-04-07 03:00:00.000', 4, 5);
INSERT INTO `Notification` (`notification_id`, `message`, `type`, `is_read`, `sent_at`, `staff_id`, `client_id`) VALUES (4, 'Your Certification is ready to be claimed at the Provincial Treasurer\\'s Office.', 'General', 0, '2026-04-07 00:00:00.000', 4, 1);
INSERT INTO `Notification` (`notification_id`, `message`, `type`, `is_read`, `sent_at`, `staff_id`, `client_id`) VALUES (5, 'Your Certification is ready to be claimed at the Provincial Treasurer\\'s Office.', 'General', 0, '2026-04-07 00:00:00.000', 4, 2);

-- --------------------------------------------
-- Table: Package (4 rows)
-- --------------------------------------------
TRUNCATE TABLE `Package`;
INSERT INTO `Package` (`package_id`, `package_name`, `day_rate`, `night_rate`, `led_wall_day_rate`, `led_wall_night_rate`, `time_slot_id`, `description`, `status_id`) VALUES (1, 'Standard Day Package', '55000', NULL, NULL, NULL, 1, '', 1);
INSERT INTO `Package` (`package_id`, `package_name`, `day_rate`, `night_rate`, `led_wall_day_rate`, `led_wall_night_rate`, `time_slot_id`, `description`, `status_id`) VALUES (2, 'LED Wall Day Package', '80000', NULL, '80000', NULL, 1, '', 1);
INSERT INTO `Package` (`package_id`, `package_name`, `day_rate`, `night_rate`, `led_wall_day_rate`, `led_wall_night_rate`, `time_slot_id`, `description`, `status_id`) VALUES (3, 'Standard Night Package', NULL, '60000', NULL, NULL, 2, '', 1);
INSERT INTO `Package` (`package_id`, `package_name`, `day_rate`, `night_rate`, `led_wall_day_rate`, `led_wall_night_rate`, `time_slot_id`, `description`, `status_id`) VALUES (4, 'LED Wall Night Package', NULL, '85000', NULL, '85000', 2, '', 1);

-- --------------------------------------------
-- Table: PackageInclusion (3 rows)
-- --------------------------------------------
TRUNCATE TABLE `PackageInclusion`;
INSERT INTO `PackageInclusion` (`package_inclusion_id`, `quantity_available`, `package_id`, `item_id`) VALUES (89, 1, 3, 1);
INSERT INTO `PackageInclusion` (`package_inclusion_id`, `quantity_available`, `package_id`, `item_id`) VALUES (110, 500, 1, 1);
INSERT INTO `PackageInclusion` (`package_inclusion_id`, `quantity_available`, `package_id`, `item_id`) VALUES (111, 10, 1, 2);

-- --------------------------------------------
-- Table: Particular (6 rows)
-- --------------------------------------------
TRUNCATE TABLE `Particular`;
INSERT INTO `Particular` (`particular_id`, `particular_name`, `description`, `item_id`, `category`, `total_quantity`, `status_id`) VALUES (1, 'Wireless Microphone', 'Wireless handheld microphone for program presentations 4 units available', NULL, '', 500, 1);
INSERT INTO `Particular` (`particular_id`, `particular_name`, `description`, `item_id`, `category`, `total_quantity`, `status_id`) VALUES (2, 'Wired Microphone', 'Wired microphone for program presentations 10 units available', NULL, '', 10, 1);
INSERT INTO `Particular` (`particular_id`, `particular_name`, `description`, `item_id`, `category`, `total_quantity`, `status_id`) VALUES (3, 'Table', 'Standard rectangular table for events up to 8 units available', NULL, '', 8, 1);
INSERT INTO `Particular` (`particular_id`, `particular_name`, `description`, `item_id`, `category`, `total_quantity`, `status_id`) VALUES (4, 'LED Wall', 'LED wall composed of 117 panels available for visual display during events', NULL, '', 1, 1);
INSERT INTO `Particular` (`particular_id`, `particular_name`, `description`, `item_id`, `category`, `total_quantity`, `status_id`) VALUES (5, 'Chair', 'Plastic monoblock chair for seating arrangements up to 700 units available', NULL, '', 700, 1);
INSERT INTO `Particular` (`particular_id`, `particular_name`, `description`, `item_id`, `category`, `total_quantity`, `status_id`) VALUES (6, 'Compressor', 'Air conditioning system suitable for events with a capacity of 250 per pax.', NULL, '', 10, 1);

-- --------------------------------------------
-- Table: Payment (5 rows)
-- --------------------------------------------
TRUNCATE TABLE `Payment`;
INSERT INTO `Payment` (`payment_id`, `amount_paid`, `payment_status_id`, `staff_id`, `booking_id`) VALUES (1, '30000', 3, 4, 3);
INSERT INTO `Payment` (`payment_id`, `amount_paid`, `payment_status_id`, `staff_id`, `booking_id`) VALUES (2, '27500', 1, 4, 2);
INSERT INTO `Payment` (`payment_id`, `amount_paid`, `payment_status_id`, `staff_id`, `booking_id`) VALUES (3, '27500', 2, 4, 4);
INSERT INTO `Payment` (`payment_id`, `amount_paid`, `payment_status_id`, `staff_id`, `booking_id`) VALUES (4, '27500', 3, 4, 1);
INSERT INTO `Payment` (`payment_id`, `amount_paid`, `payment_status_id`, `staff_id`, `booking_id`) VALUES (5, '55000', 1, 4, 5);

-- --------------------------------------------
-- Table: PaymentStatus (3 rows)
-- --------------------------------------------
TRUNCATE TABLE `PaymentStatus`;
INSERT INTO `PaymentStatus` (`status_id`, `status`) VALUES (1, 'Paid');
INSERT INTO `PaymentStatus` (`status_id`, `status`) VALUES (2, 'Partial');
INSERT INTO `PaymentStatus` (`status_id`, `status`) VALUES (3, 'Unpaid');

-- --------------------------------------------
-- Table: RescheduleRequest (0 rows)
-- --------------------------------------------
-- (empty)

-- --------------------------------------------
-- Table: Reservation (13 rows)
-- --------------------------------------------
TRUNCATE TABLE `Reservation`;
INSERT INTO `Reservation` (`reservation_id`, `event_date`, `event_type`, `reservation_status`, `event_status`, `submitted_at`, `venue_id`, `client_id`, `package_id`, `time_slot_id`) VALUES (1, '2026-04-10 00:00:00.000', 'Recognition Ceremony', 'Approved', 'Upcoming', '2026-03-01 01:00:00.000', 1, 1, NULL, 1);
INSERT INTO `Reservation` (`reservation_id`, `event_date`, `event_type`, `reservation_status`, `event_status`, `submitted_at`, `venue_id`, `client_id`, `package_id`, `time_slot_id`) VALUES (2, '2026-05-12 00:00:00.000', 'Music Concert', 'Approved', 'Upcoming', '2026-03-12 02:00:00.000', 1, 3, NULL, 2);
INSERT INTO `Reservation` (`reservation_id`, `event_date`, `event_type`, `reservation_status`, `event_status`, `submitted_at`, `venue_id`, `client_id`, `package_id`, `time_slot_id`) VALUES (3, '2026-04-15 00:00:00.000', 'Corporate Dinner', 'Pending', 'Upcoming', '2026-03-02 02:30:00.000', 1, 2, NULL, 2);
INSERT INTO `Reservation` (`reservation_id`, `event_date`, `event_type`, `reservation_status`, `event_status`, `submitted_at`, `venue_id`, `client_id`, `package_id`, `time_slot_id`) VALUES (4, '2026-05-18 00:00:00.000', 'Provincial Meeting', 'Pending', 'Upcoming', '2026-03-15 01:00:00.000', 1, 5, NULL, 1);
INSERT INTO `Reservation` (`reservation_id`, `event_date`, `event_type`, `reservation_status`, `event_status`, `submitted_at`, `venue_id`, `client_id`, `package_id`, `time_slot_id`) VALUES (5, '2026-05-08 00:00:00.000', 'Barangay Basketball League', 'Approved', 'Upcoming', '2026-03-08 01:00:00.000', 2, 2, NULL, 1);
INSERT INTO `Reservation` (`reservation_id`, `event_date`, `event_type`, `reservation_status`, `event_status`, `submitted_at`, `venue_id`, `client_id`, `package_id`, `time_slot_id`) VALUES (6, '2026-05-01 00:00:00.000', 'Provincial Government Assembly', 'Pending', 'Upcoming', '2026-03-05 06:00:00.000', 2, 5, 1, 1);
INSERT INTO `Reservation` (`reservation_id`, `event_date`, `event_type`, `reservation_status`, `event_status`, `submitted_at`, `venue_id`, `client_id`, `package_id`, `time_slot_id`) VALUES (7, '2026-05-29 00:00:00.000', 'Badminton Championship', 'Approved', 'Upcoming', '2026-03-18 00:30:00.000', 2, 4, NULL, 1);
INSERT INTO `Reservation` (`reservation_id`, `event_date`, `event_type`, `reservation_status`, `event_status`, `submitted_at`, `venue_id`, `client_id`, `package_id`, `time_slot_id`) VALUES (8, '2026-05-05 00:00:00.000', 'Art Exhibit Opening', 'Approved', 'Upcoming', '2026-03-10 00:00:00.000', 1, 1, NULL, 1);
INSERT INTO `Reservation` (`reservation_id`, `event_date`, `event_type`, `reservation_status`, `event_status`, `submitted_at`, `venue_id`, `client_id`, `package_id`, `time_slot_id`) VALUES (9, '2026-04-25 00:00:00.000', 'Stage Play Rehearsal', 'Declined', 'Upcoming', '2026-03-04 03:00:00.000', 1, 4, NULL, 1);
INSERT INTO `Reservation` (`reservation_id`, `event_date`, `event_type`, `reservation_status`, `event_status`, `submitted_at`, `venue_id`, `client_id`, `package_id`, `time_slot_id`) VALUES (10, '2026-04-20 00:00:00.000', 'Cultural Festival', 'Approved', 'Upcoming', '2026-03-03 00:45:00.000', 1, 3, NULL, 1);
INSERT INTO `Reservation` (`reservation_id`, `event_date`, `event_type`, `reservation_status`, `event_status`, `submitted_at`, `venue_id`, `client_id`, `package_id`, `time_slot_id`) VALUES (11, '2026-05-22 00:00:00.000', 'Track and Field Event', 'Pending', 'Upcoming', '2026-03-14 03:00:00.000', 2, 1, NULL, 2);
INSERT INTO `Reservation` (`reservation_id`, `event_date`, `event_type`, `reservation_status`, `event_status`, `submitted_at`, `venue_id`, `client_id`, `package_id`, `time_slot_id`) VALUES (12, '2026-05-15 00:00:00.000', 'Inter-School Volleyball Tournament', 'Approved', 'Upcoming', '2026-03-11 02:00:00.000', 2, 3, NULL, 1);
INSERT INTO `Reservation` (`reservation_id`, `event_date`, `event_type`, `reservation_status`, `event_status`, `submitted_at`, `venue_id`, `client_id`, `package_id`, `time_slot_id`) VALUES (13, '2026-06-05 00:00:00.000', 'Zumba Fitness Festival', 'Pending', 'Upcoming', '2026-03-20 01:00:00.000', 2, 2, NULL, 1);

-- --------------------------------------------
-- Table: ReservedParticular (9 rows)
-- --------------------------------------------
TRUNCATE TABLE `ReservedParticular`;
INSERT INTO `ReservedParticular` (`reserved_particular_id`, `quantity`, `reservation_id`, `particular_id`) VALUES (1, 100, 1, 1);
INSERT INTO `ReservedParticular` (`reserved_particular_id`, `quantity`, `reservation_id`, `particular_id`) VALUES (2, 2, 1, 4);
INSERT INTO `ReservedParticular` (`reserved_particular_id`, `quantity`, `reservation_id`, `particular_id`) VALUES (3, 200, 2, 1);
INSERT INTO `ReservedParticular` (`reserved_particular_id`, `quantity`, `reservation_id`, `particular_id`) VALUES (4, 2, 2, 2);
INSERT INTO `ReservedParticular` (`reserved_particular_id`, `quantity`, `reservation_id`, `particular_id`) VALUES (5, 150, 3, 1);
INSERT INTO `ReservedParticular` (`reserved_particular_id`, `quantity`, `reservation_id`, `particular_id`) VALUES (6, 4, 3, 2);
INSERT INTO `ReservedParticular` (`reserved_particular_id`, `quantity`, `reservation_id`, `particular_id`) VALUES (7, 4, 3, 3);
INSERT INTO `ReservedParticular` (`reserved_particular_id`, `quantity`, `reservation_id`, `particular_id`) VALUES (8, 700, 4, 1);
INSERT INTO `ReservedParticular` (`reserved_particular_id`, `quantity`, `reservation_id`, `particular_id`) VALUES (9, 1, 4, 5);

-- --------------------------------------------
-- Table: Schedule (5 rows)
-- --------------------------------------------
TRUNCATE TABLE `Schedule`;
INSERT INTO `Schedule` (`schedule_id`, `client_id`, `reservation_id`, `booking_id`, `facility_id`) VALUES (1, 4, NULL, 4, 4);
INSERT INTO `Schedule` (`schedule_id`, `client_id`, `reservation_id`, `booking_id`, `facility_id`) VALUES (2, 3, NULL, 3, 3);
INSERT INTO `Schedule` (`schedule_id`, `client_id`, `reservation_id`, `booking_id`, `facility_id`) VALUES (3, 2, 2, NULL, 2);
INSERT INTO `Schedule` (`schedule_id`, `client_id`, `reservation_id`, `booking_id`, `facility_id`) VALUES (4, 5, 5, NULL, 1);
INSERT INTO `Schedule` (`schedule_id`, `client_id`, `reservation_id`, `booking_id`, `facility_id`) VALUES (5, 1, 1, NULL, 1);

-- --------------------------------------------
-- Table: Staff (7 rows)
-- --------------------------------------------
TRUNCATE TABLE `Staff`;
INSERT INTO `Staff` (`staff_id`, `username`, `first_name`, `middle_name`, `last_name`, `email`, `contact_number`, `password`, `status`, `profile_photo`, `staff_role_id`, `staff_org_id`, `otp`, `otp_expiration`, `created_at`) VALUES (1, 'maria.santos', 'Mariaa', NULL, 'Santos', 'admin@scgcc.gov.ph', '09171234567', '********', 'Active', 'photo1.jpg', 1, 1, NULL, NULL, '2026-07-12 18:38:05.311');
INSERT INTO `Staff` (`staff_id`, `username`, `first_name`, `middle_name`, `last_name`, `email`, `contact_number`, `password`, `status`, `profile_photo`, `staff_role_id`, `staff_org_id`, `otp`, `otp_expiration`, `created_at`) VALUES (2, 'juan.delacruz', 'Juan', NULL, 'Dela Cruz', 'coordinator@scgcc.gov.ph', '09182345678', '********', 'Active', 'photo2.jpg', 3, 1, NULL, NULL, '2026-07-12 18:38:05.311');
INSERT INTO `Staff` (`staff_id`, `username`, `first_name`, `middle_name`, `last_name`, `email`, `contact_number`, `password`, `status`, `profile_photo`, `staff_role_id`, `staff_org_id`, `otp`, `otp_expiration`, `created_at`) VALUES (3, 'rosa.reyes', 'Rosa', NULL, 'Reyes', 'clerk@scgcc.gov.ph', '09193456789', '********', 'Active', 'photo3.jpg', 2, 2, NULL, NULL, '2026-07-12 18:38:05.311');
INSERT INTO `Staff` (`staff_id`, `username`, `first_name`, `middle_name`, `last_name`, `email`, `contact_number`, `password`, `status`, `profile_photo`, `staff_role_id`, `staff_org_id`, `otp`, `otp_expiration`, `created_at`) VALUES (4, 'pedro.lim', 'Pedro', NULL, 'Lim', 'ltoo@scgcc.gov.ph', '09204567890', '********', 'Active', 'photo4.jpg', 4, 2, NULL, NULL, '2026-07-12 18:38:05.311');
INSERT INTO `Staff` (`staff_id`, `username`, `first_name`, `middle_name`, `last_name`, `email`, `contact_number`, `password`, `status`, `profile_photo`, `staff_role_id`, `staff_org_id`, `otp`, `otp_expiration`, `created_at`) VALUES (5, 'ana.gonzales', 'Ana', NULL, 'Gonzales', 'ana.gonzales@scgcc.gov.ph', '09215678901', '********', 'Active', 'photo5.jpg', 3, 3, NULL, NULL, '2026-07-12 18:38:05.311');
INSERT INTO `Staff` (`staff_id`, `username`, `first_name`, `middle_name`, `last_name`, `email`, `contact_number`, `password`, `status`, `profile_photo`, `staff_role_id`, `staff_org_id`, `otp`, `otp_expiration`, `created_at`) VALUES (7, 'admin.admin', 'Admin', NULL, 'Admin', 'admin', '00000000000', '$2b$12$ItpZ3JKiR2zi9puStSwlHOMjm0WpiTlL6bvTiD5CcYt5dJoBE1LLW', 'Active', NULL, 2, 1, NULL, NULL, '2026-07-12 18:38:05.311');
INSERT INTO `Staff` (`staff_id`, `username`, `first_name`, `middle_name`, `last_name`, `email`, `contact_number`, `password`, `status`, `profile_photo`, `staff_role_id`, `staff_org_id`, `otp`, `otp_expiration`, `created_at`) VALUES (8, 'accounting.clerk', 'Accounting', NULL, 'Clerk', 'accountingclerk@gmail.com', '', '$2b$12$la8sjmDPmg1S3mQJDhPGtu91DGQ7EH7Ep.bzVmD8r1OGpDNuHzP7m', 'Active', NULL, 3, 2, NULL, NULL, '2026-07-12 18:38:05.311');

-- --------------------------------------------
-- Table: StaffOrganization (3 rows)
-- --------------------------------------------
TRUNCATE TABLE `StaffOrganization`;
INSERT INTO `StaffOrganization` (`staff_org_id`, `org_name`) VALUES (1, 'South Cotabato Sports Complex');
INSERT INTO `StaffOrganization` (`staff_org_id`, `org_name`) VALUES (2, 'South Cotabato Gymnasium and Cultural Center');
INSERT INTO `StaffOrganization` (`staff_org_id`, `org_name`) VALUES (3, 'Provincial Treasurer\\'s Office');

-- --------------------------------------------
-- Table: StaffRole (4 rows)
-- --------------------------------------------
TRUNCATE TABLE `StaffRole`;
INSERT INTO `StaffRole` (`role_id`, `role_name`) VALUES (1, 'Program Coordinator');
INSERT INTO `StaffRole` (`role_id`, `role_name`) VALUES (2, 'Admin');
INSERT INTO `StaffRole` (`role_id`, `role_name`) VALUES (3, 'Accounting Clerk');
INSERT INTO `StaffRole` (`role_id`, `role_name`) VALUES (4, 'Local Treasury Operations Officer');

-- --------------------------------------------
-- Table: TimeSlot (2 rows)
-- --------------------------------------------
TRUNCATE TABLE `TimeSlot`;
INSERT INTO `TimeSlot` (`time_slot_id`, `start_time`, `end_time`) VALUES (1, '08:00 AM', '05:00 PM');
INSERT INTO `TimeSlot` (`time_slot_id`, `start_time`, `end_time`) VALUES (2, '05:00 PM', '11:00 PM');

-- --------------------------------------------
-- Table: Transaction (5 rows)
-- --------------------------------------------
TRUNCATE TABLE `Transaction`;
INSERT INTO `Transaction` (`transaction_id`, `receipt_number`, `payment_date`, `recorded_by`, `booking_id`, `payment_id`) VALUES (1, 'OR-2026-005', '2026-03-07 00:00:00.000', 'Local Treasury Operations Officer', 4, 3);
INSERT INTO `Transaction` (`transaction_id`, `receipt_number`, `payment_date`, `recorded_by`, `booking_id`, `payment_id`) VALUES (2, 'OR-2026-001', '2026-03-01 00:00:00.000', 'Local Treasury Operations Officer', 4, 1);
INSERT INTO `Transaction` (`transaction_id`, `receipt_number`, `payment_date`, `recorded_by`, `booking_id`, `payment_id`) VALUES (3, 'OR-2026-002', '2026-03-03 00:00:00.000', 'Local Treasury Operations Officer', 4, 2);
INSERT INTO `Transaction` (`transaction_id`, `receipt_number`, `payment_date`, `recorded_by`, `booking_id`, `payment_id`) VALUES (4, 'OR-2026-003', '2026-03-02 00:00:00.000', 'Local Treasury Operations Officer', 4, 3);
INSERT INTO `Transaction` (`transaction_id`, `receipt_number`, `payment_date`, `recorded_by`, `booking_id`, `payment_id`) VALUES (5, 'OR-2026-004', '2026-03-05 00:00:00.000', 'Local Treasury Operations Officer', 4, 4);

-- --------------------------------------------
-- Table: AuditLog (48 rows)
-- --------------------------------------------
TRUNCATE TABLE `AuditLog`;
INSERT INTO `AuditLog` (`audit_log_id`, `action`, `target_user_id`, `target_name`, `performed_by_id`, `performed_by_name`, `details`, `created_at`) VALUES (1, 'DEACTIVATED', 'STF-1', 'Mariaa Santos', 'STF-7', 'System', 'Account status changed to Deactivated', '2026-07-12 18:59:07.709');
INSERT INTO `AuditLog` (`audit_log_id`, `action`, `target_user_id`, `target_name`, `performed_by_id`, `performed_by_name`, `details`, `created_at`) VALUES (2, 'ACTIVATED', 'STF-1', 'Mariaa Santos', 'STF-7', 'System', 'Account status changed to Active', '2026-07-12 18:59:13.149');
INSERT INTO `AuditLog` (`audit_log_id`, `action`, `target_user_id`, `target_name`, `performed_by_id`, `performed_by_name`, `details`, `created_at`) VALUES (3, 'CREATED', 'CLT-12', 'Client21 Client', 'STF-7', 'System', 'Account created as client', '2026-07-12 19:17:32.212');
INSERT INTO `AuditLog` (`audit_log_id`, `action`, `target_user_id`, `target_name`, `performed_by_id`, `performed_by_name`, `details`, `created_at`) VALUES (4, 'UPDATED', 'STF-8', 'Accountingg Clerk', 'STF-7', 'Admin Admin', 'Account details updated', '2026-07-12 19:27:32.916');
INSERT INTO `AuditLog` (`audit_log_id`, `action`, `target_user_id`, `target_name`, `performed_by_id`, `performed_by_name`, `details`, `created_at`) VALUES (5, 'UPDATED', 'STF-8', 'Accounting Clerk', 'STF-7', 'Admin Admin', 'Account details updated', '2026-07-12 19:27:50.745');
INSERT INTO `AuditLog` (`audit_log_id`, `action`, `target_user_id`, `target_name`, `performed_by_id`, `performed_by_name`, `details`, `created_at`) VALUES (6, 'DEACTIVATED', 'STF-3', 'Rosa Reyes', 'STF-7', 'Admin Admin', 'Account status changed to Deactivated', '2026-07-12 19:27:56.344');
INSERT INTO `AuditLog` (`audit_log_id`, `action`, `target_user_id`, `target_name`, `performed_by_id`, `performed_by_name`, `details`, `created_at`) VALUES (7, 'ACTIVATED', 'STF-3', 'Rosa Reyes', 'STF-7', 'Admin Admin', 'Account status changed to Active', '2026-07-12 19:28:01.773');
INSERT INTO `AuditLog` (`audit_log_id`, `action`, `target_user_id`, `target_name`, `performed_by_id`, `performed_by_name`, `details`, `created_at`) VALUES (8, 'CREATED', 'PART-7', 'testing', 'STF-7', 'Admin Admin', 'Particular created: "testing"', '2026-07-12 21:24:17.150');
INSERT INTO `AuditLog` (`audit_log_id`, `action`, `target_user_id`, `target_name`, `performed_by_id`, `performed_by_name`, `details`, `created_at`) VALUES (9, 'UPDATED', 'PART-1', 'Wireless Microphone', 'STF-7', 'Admin Admin', 'Particular updated: status: Available → Archived', '2026-07-12 22:07:10.514');
INSERT INTO `AuditLog` (`audit_log_id`, `action`, `target_user_id`, `target_name`, `performed_by_id`, `performed_by_name`, `details`, `created_at`) VALUES (10, 'UPDATED', 'PART-1', 'Wireless Microphone', 'STF-7', 'Admin Admin', 'Particular updated: status: Archived → Available', '2026-07-12 22:07:13.138');
INSERT INTO `AuditLog` (`audit_log_id`, `action`, `target_user_id`, `target_name`, `performed_by_id`, `performed_by_name`, `details`, `created_at`) VALUES (11, 'UPDATED', 'PKG-2', 'LED Wall Day Package', 'STF-7', 'Admin Admin', 'Package updated: description updated; day rate: ₱0 → ₱80,000', '2026-07-12 22:39:16.221');
INSERT INTO `AuditLog` (`audit_log_id`, `action`, `target_user_id`, `target_name`, `performed_by_id`, `performed_by_name`, `details`, `created_at`) VALUES (12, 'UPDATED', 'PKG-4', 'LED Wall Night Package', 'STF-7', 'Admin Admin', 'Package updated: description updated; night rate: ₱0 → ₱85,000', '2026-07-12 22:39:31.504');
INSERT INTO `AuditLog` (`audit_log_id`, `action`, `target_user_id`, `target_name`, `performed_by_id`, `performed_by_name`, `details`, `created_at`) VALUES (13, 'UPDATED', 'PKG-4', 'LED Wall Night Package', 'STF-7', 'Admin Admin', 'Package updated: status: Available → Archived', '2026-07-12 22:39:43.110');
INSERT INTO `AuditLog` (`audit_log_id`, `action`, `target_user_id`, `target_name`, `performed_by_id`, `performed_by_name`, `details`, `created_at`) VALUES (14, 'UPDATED', 'PKG-4', 'LED Wall Night Package', 'STF-7', 'Admin Admin', 'Package updated: status: Archived → Available', '2026-07-12 22:39:45.606');
INSERT INTO `AuditLog` (`audit_log_id`, `action`, `target_user_id`, `target_name`, `performed_by_id`, `performed_by_name`, `details`, `created_at`) VALUES (15, 'UPDATED', 'PKG-4', 'LED Wall Night Package', 'STF-7', 'Admin Admin', 'Package updated: status: Available → Archived', '2026-07-12 22:39:49.366');
INSERT INTO `AuditLog` (`audit_log_id`, `action`, `target_user_id`, `target_name`, `performed_by_id`, `performed_by_name`, `details`, `created_at`) VALUES (16, 'UPDATED', 'PKG-4', 'LED Wall Night Package', 'STF-7', 'Admin Admin', 'Package updated: status: Archived → Available', '2026-07-12 22:39:51.483');
INSERT INTO `AuditLog` (`audit_log_id`, `action`, `target_user_id`, `target_name`, `performed_by_id`, `performed_by_name`, `details`, `created_at`) VALUES (17, 'DELETED', 'PART-7', 'testing', 'STF-7', 'Admin Admin', 'Particular deleted: name="testing", category="", quantity=0', '2026-07-12 22:51:50.135');
INSERT INTO `AuditLog` (`audit_log_id`, `action`, `target_user_id`, `target_name`, `performed_by_id`, `performed_by_name`, `details`, `created_at`) VALUES (18, 'CREATED', 'PKG-5', 'Package1', 'STF-7', 'Admin Admin', 'Package created: name="Package1"', '2026-07-13 08:31:26.201');
INSERT INTO `AuditLog` (`audit_log_id`, `action`, `target_user_id`, `target_name`, `performed_by_id`, `performed_by_name`, `details`, `created_at`) VALUES (19, 'UPDATED', 'PKG-1', 'Standard Day Package', 'STF-7', 'Admin Admin', 'Package updated: description updated; inclusions updated', '2026-07-13 08:32:09.645');
INSERT INTO `AuditLog` (`audit_log_id`, `action`, `target_user_id`, `target_name`, `performed_by_id`, `performed_by_name`, `details`, `created_at`) VALUES (20, 'CREATED', 'PART-8', 'try', 'STF-7', 'Admin Admin', 'Particular created: name="try", category="", quantity=56', '2026-07-13 08:33:40.638');
INSERT INTO `AuditLog` (`audit_log_id`, `action`, `target_user_id`, `target_name`, `performed_by_id`, `performed_by_name`, `details`, `created_at`) VALUES (21, 'UPDATED', 'CLT-9', 'Client User', 'STF-7', 'Admin Admin', 'Account details and password updated', '2026-07-16 10:36:17.732');
INSERT INTO `AuditLog` (`audit_log_id`, `action`, `target_user_id`, `target_name`, `performed_by_id`, `performed_by_name`, `details`, `created_at`) VALUES (22, 'UPDATED', 'CLT-9', 'Client User', 'STF-7', 'Admin Admin', 'Account details and password updated', '2026-07-16 10:41:59.216');
INSERT INTO `AuditLog` (`audit_log_id`, `action`, `target_user_id`, `target_name`, `performed_by_id`, `performed_by_name`, `details`, `created_at`) VALUES (23, 'UPDATED', 'PKG-1', 'Standard Day Package', 'STF-7', 'Admin Admin', 'Package updated: description updated; inclusions updated', '2026-07-16 13:12:30.066');
INSERT INTO `AuditLog` (`audit_log_id`, `action`, `target_user_id`, `target_name`, `performed_by_id`, `performed_by_name`, `details`, `created_at`) VALUES (24, 'UPDATED', 'PART-1', 'Wireless Microphone', 'STF-7', 'Admin Admin', 'Particular updated: quantity: 0 → 500', '2026-07-16 13:18:17.979');
INSERT INTO `AuditLog` (`audit_log_id`, `action`, `target_user_id`, `target_name`, `performed_by_id`, `performed_by_name`, `details`, `created_at`) VALUES (25, 'UPDATED', 'PKG-1', 'Standard Day Package', 'STF-7', 'Admin Admin', 'Package updated: description updated; inclusions updated', '2026-07-16 13:41:57.981');
INSERT INTO `AuditLog` (`audit_log_id`, `action`, `target_user_id`, `target_name`, `performed_by_id`, `performed_by_name`, `details`, `created_at`) VALUES (26, 'CREATED', 'CLT-13', 'Testings FEFWEFW', 'STF-7', 'Admin Admin', 'Account created as client', '2026-07-16 15:22:55.631');
INSERT INTO `AuditLog` (`audit_log_id`, `action`, `target_user_id`, `target_name`, `performed_by_id`, `performed_by_name`, `details`, `created_at`) VALUES (27, 'UPDATED', 'PART-5', 'Chairs', 'STF-7', 'Admin Admin', 'Particular updated: name: "Chair" → "Chairs"; quantity: 0 → 700', '2026-07-16 15:31:05.307');
INSERT INTO `AuditLog` (`audit_log_id`, `action`, `target_user_id`, `target_name`, `performed_by_id`, `performed_by_name`, `details`, `created_at`) VALUES (28, 'UPDATED', 'PART-5', 'Chair', 'STF-7', 'Admin Admin', 'Particular updated: name: "Chairs" → "Chair"', '2026-07-16 15:31:23.614');
INSERT INTO `AuditLog` (`audit_log_id`, `action`, `target_user_id`, `target_name`, `performed_by_id`, `performed_by_name`, `details`, `created_at`) VALUES (29, 'UPDATED', 'PART-6', 'Compressor', 'STF-7', 'Admin Admin', 'Particular updated: quantity: 0 → 10', '2026-07-16 15:31:38.357');
INSERT INTO `AuditLog` (`audit_log_id`, `action`, `target_user_id`, `target_name`, `performed_by_id`, `performed_by_name`, `details`, `created_at`) VALUES (30, 'UPDATED', 'PART-4', 'LED Wall', 'STF-7', 'Admin Admin', 'Particular updated: quantity: 0 → 1', '2026-07-16 15:31:46.599');
INSERT INTO `AuditLog` (`audit_log_id`, `action`, `target_user_id`, `target_name`, `performed_by_id`, `performed_by_name`, `details`, `created_at`) VALUES (31, 'UPDATED', 'PART-3', 'Table', 'STF-7', 'Admin Admin', 'Particular updated: quantity: 0 → 8', '2026-07-16 15:32:04.259');
INSERT INTO `AuditLog` (`audit_log_id`, `action`, `target_user_id`, `target_name`, `performed_by_id`, `performed_by_name`, `details`, `created_at`) VALUES (32, 'UPDATED', 'PART-2', 'Wired Microphone', 'STF-7', 'Admin Admin', 'Particular updated: quantity: 0 → 10', '2026-07-16 15:32:14.074');
INSERT INTO `AuditLog` (`audit_log_id`, `action`, `target_user_id`, `target_name`, `performed_by_id`, `performed_by_name`, `details`, `created_at`) VALUES (33, 'DELETED', 'PART-8', 'try', 'STF-7', 'Admin Admin', 'Particular deleted: name="try", category="", quantity=56', '2026-07-16 15:32:17.804');
INSERT INTO `AuditLog` (`audit_log_id`, `action`, `target_user_id`, `target_name`, `performed_by_id`, `performed_by_name`, `details`, `created_at`) VALUES (34, 'UPDATED', 'PKG-1', 'Standard Day Package', 'STF-7', 'Admin Admin', 'Package updated: description updated; inclusions updated', '2026-07-16 15:32:35.000');
INSERT INTO `AuditLog` (`audit_log_id`, `action`, `target_user_id`, `target_name`, `performed_by_id`, `performed_by_name`, `details`, `created_at`) VALUES (35, 'UPDATED', 'PKG-1', 'Standard Day Package', 'STF-7', 'Admin Admin', 'Package updated: description updated; inclusions updated', '2026-07-16 15:32:57.508');
INSERT INTO `AuditLog` (`audit_log_id`, `action`, `target_user_id`, `target_name`, `performed_by_id`, `performed_by_name`, `details`, `created_at`) VALUES (36, 'UPDATED', 'PKG-1', 'Standard Day Package', 'STF-7', 'Admin Admin', 'Package updated: description updated; inclusions updated', '2026-07-16 15:33:05.893');
INSERT INTO `AuditLog` (`audit_log_id`, `action`, `target_user_id`, `target_name`, `performed_by_id`, `performed_by_name`, `details`, `created_at`) VALUES (37, 'UPDATED', 'PKG-1', 'Standard Day Package', 'STF-7', 'Admin Admin', 'Package updated: description updated; inclusions updated', '2026-07-16 15:33:13.255');
INSERT INTO `AuditLog` (`audit_log_id`, `action`, `target_user_id`, `target_name`, `performed_by_id`, `performed_by_name`, `details`, `created_at`) VALUES (38, 'UPDATED', 'PKG-1', 'Standard Day Package', 'STF-7', 'Admin Admin', 'Package updated: description updated; day rate: ₱55,000 → ₱55,011; inclusions updated', '2026-07-16 19:00:22.841');
INSERT INTO `AuditLog` (`audit_log_id`, `action`, `target_user_id`, `target_name`, `performed_by_id`, `performed_by_name`, `details`, `created_at`) VALUES (39, 'UPDATED', 'PKG-1', 'Standard Day Package', 'STF-7', 'Admin Admin', 'Package updated: description updated; day rate: ₱55,011 → ₱55,000; inclusions updated', '2026-07-16 19:00:47.012');
INSERT INTO `AuditLog` (`audit_log_id`, `action`, `target_user_id`, `target_name`, `performed_by_id`, `performed_by_name`, `details`, `created_at`) VALUES (40, 'CREATED', 'PKG-6', 'Test package', 'STF-7', 'Admin Admin', 'Package created: name="Test package"', '2026-07-16 19:01:27.601');
INSERT INTO `AuditLog` (`audit_log_id`, `action`, `target_user_id`, `target_name`, `performed_by_id`, `performed_by_name`, `details`, `created_at`) VALUES (41, 'CREATED', 'PART-9', 'Test Particular', 'STF-7', 'Admin Admin', 'Particular created: name="Test Particular", category="", quantity=0', '2026-07-16 19:01:44.369');
INSERT INTO `AuditLog` (`audit_log_id`, `action`, `target_user_id`, `target_name`, `performed_by_id`, `performed_by_name`, `details`, `created_at`) VALUES (42, 'DELETED', 'PART-9', 'Test Particular', 'STF-7', 'Admin Admin', 'Particular deleted: name="Test Particular", category="", quantity=0', '2026-07-16 19:01:48.779');
INSERT INTO `AuditLog` (`audit_log_id`, `action`, `target_user_id`, `target_name`, `performed_by_id`, `performed_by_name`, `details`, `created_at`) VALUES (43, 'UPDATED', 'PKG-3', 'Standard Night Package', 'STF-7', 'Admin Admin', 'Package updated: description updated; inclusions updated', '2026-07-16 19:01:55.902');
INSERT INTO `AuditLog` (`audit_log_id`, `action`, `target_user_id`, `target_name`, `performed_by_id`, `performed_by_name`, `details`, `created_at`) VALUES (44, 'UPDATED', 'PKG-2', 'LED Wall Day Package', 'STF-7', 'Admin Admin', 'Package updated: description updated; inclusions updated', '2026-07-16 19:02:02.217');
INSERT INTO `AuditLog` (`audit_log_id`, `action`, `target_user_id`, `target_name`, `performed_by_id`, `performed_by_name`, `details`, `created_at`) VALUES (45, 'UPDATED', 'PKG-1', 'Standard Day Package', 'STF-7', 'Admin Admin', 'Package updated: description updated; inclusions updated', '2026-07-16 19:02:09.401');
INSERT INTO `AuditLog` (`audit_log_id`, `action`, `target_user_id`, `target_name`, `performed_by_id`, `performed_by_name`, `details`, `created_at`) VALUES (46, 'UPDATED', 'PKG-4', 'LED Wall Night Package', 'STF-7', 'Admin Admin', 'Package updated: description updated; inclusions updated', '2026-07-16 19:02:14.998');
INSERT INTO `AuditLog` (`audit_log_id`, `action`, `target_user_id`, `target_name`, `performed_by_id`, `performed_by_name`, `details`, `created_at`) VALUES (47, 'UPDATED', 'PKG-1', 'Standard Day Package', 'STF-7', 'Admin Admin', 'Package updated: description updated; inclusions updated', '2026-07-16 19:06:32.287');
INSERT INTO `AuditLog` (`audit_log_id`, `action`, `target_user_id`, `target_name`, `performed_by_id`, `performed_by_name`, `details`, `created_at`) VALUES (48, 'UPDATED', 'PKG-1', 'Standard Day Package', 'STF-7', 'Admin Admin', 'Package updated: description updated; inclusions updated', '2026-07-16 19:25:44.839');

SET FOREIGN_KEY_CHECKS = 1;
-- ============================================
-- Export Complete
-- ============================================
